id,name,country
31,yianguvqfg,203
99,gpubqnpsic,813
573,rehaahhtmm,517
382,sdxjsniaxs,396
349,yupjltcetn,791
978,ydamhpxzqz,675
724,vsnnakrhbo,493
543,pbdulbstxh,982
810,gduiivmfys,879
958,jghcwpldcn,358
71,jkvtqhqgyx,46
157,epydfeoftf,955
694,umlhvjdyta,683
474,ffpwulznxz,420
683,lekxtysauw,798
194,lhdaxiycup,470
836,kzamnuyxhm,215
541,kyrotyrrwp,326
511,snaiopfctn,844
353,haskjuzdki,803
664,tlffehmigd,48
697,fbfsqjwmtq,756
532,phvukqnqgx,596
369,xktnnvbzlk,26
919,ousefrrjsl,605
736,tbdcbwskbs,770
743,bqolbwogzo,225
697,fkqjrlhusl,371
683,qcjrsulcan,303
255,ftarvdhzdx,319
507,ydhhbzvsll,450
83,bvrlxwvbfs,208
436,hclgvvowqk,521
380,ccdsfbcgzz,1
592,kksrnkecqk,686
186,vijvfjymjz,935
656,eobdzyjvbc,882
720,pnpwjfyqic,459
7,oqycvwzfqp,977
996,ntcrmqqkcb,894
189,kqpxngykni,767
381,varwivelgt,249
268,urojlefzat,302
425,bhxwkhplai,846
370,qtceawcdrz,682
913,nbojpemnth,278
52,eoxoxlqtbd,907
571,hhsfvlufyk,233
491,xxtxwpnhtp,806
594,idtodmkvhp,741
813,hijpcazqeo,584
741,eznsuarvdr,228
66,tlorisdede,136
729,zizgtdlzks,750
937,uxjdzokqgv,721
940,wtosaystfm,326
415,qgkdiwplsb,216
976,gybqahjcdo,956
436,ygitbewtzp,88
857,xrqsmjxjro,104
681,kodsxbggqy,975
789,wefawxvleh,583
18,hwgbdzmyjl,252
622,xbksrquxik,692
52,cxdrkenpcp,296
717,zvpcrfnuxf,68
690,nlxnkotiyd,213
901,lednwctcjy,734
698,kxzbhgvcvu,384
161,jqvdnpbzqw,919
94,fteuupoypc,790
901,fnssiuxbsg,183
658,jdcsaxonmn,926
629,meawcibtjq,210
665,jjomjywxcm,459
365,zhkzrqhyeb,885
908,rthphpltov,219
325,glmcbxzjjy,859
401,zxfmnlnqrp,866
535,ztyabyjxcq,605
875,aakfitmcxn,772
400,ffqqsrmehx,987
427,glgoblmkej,698
191,jwfgbqlpfo,442
354,vrdqoalsjs,316
917,vcvcogtjsb,298
546,qcpivctlmt,343
170,xnqbzdhden,731
137,qjapckpyfm,955
145,wbxtxstgci,837
1,pipwzbczng,436
568,hudfffehbd,530
262,gfgpjalreb,491
703,lxklcskuii,617
372,tresbknjra,248
179,yexvpbcdni,480
805,jmjdkmcemc,590
262,hprkfyyuvg,61
868,iubsuzcuqu,538
430,jldwnxdvlt,794
105,qvnmklwuxh,177
624,bennjytffa,421
609,gwvhhxkoas,941
376,ckwizuxpfx,928
360,pplovmgldn,381
310,oyjzljgmwq,362
54,knxnsowxxv,206
655,wmrxgwzfbo,665
803,rzdjamclcg,617
726,tlslprwkek,131
137,cyoqsxxcjc,146
542,akfasimwcq,321
589,dgydsjnzji,697
446,diyftypnxi,184
769,mwqhjhncvm,353
255,amluuamgcj,804
432,tgysypsfkg,995
910,xilxhecpvv,266
614,vlymwhliqd,135
890,aalztqyeow,969
900,josnntlahv,142
402,ffxykxidfi,140
5,qpsutftgqo,446
949,divioyionw,256
648,wxijqmrxwd,554
758,gaemhksprs,686
746,miflaoiaib,621
987,xtkcmfnkos,132
895,vhmvyrrymy,739
425,wtriahtgcv,213
453,ceianeltfg,412
302,riklikpqio,387
205,flrxcyrazl,38
915,hmldczkqrz,509
447,ltypbrrewm,86
677,ublcshercm,362
152,msurovaxsg,771
776,ezflfggkki,640
210,loxkibyrgo,231
384,nszadcypsk,66
176,cerzfnwkbp,538
643,eayambbscy,669
237,okwiakkhqw,708
247,cvwmwsthcf,974
976,asadouupgn,543
276,llfaymocsm,579
614,kelhjolohb,782
439,jjrbhoiwnx,419
859,qhmnhxpyxq,638
731,vaorluvmfh,91
294,jdvqinlrht,992
269,djxuomoqke,767
97,imgxhgfmcx,280
132,pufxoeurwt,186
649,ceuncjugac,661
521,aoiniftxnu,907
512,exfhkdgnil,285
650,ruarebxrpl,693
60,mztnzgfanh,204
942,bgqemxlndh,250
43,anragxjrki,704
700,yjvvehzuwx,572
94,thiljegngq,948
757,jjegdudluq,112
615,fwpypfqicd,79
643,nbhkelwlmk,1000
481,tcwqishvdn,744
486,qyqjirpkvi,516
754,rhythukxgr,49
2,oeasegkkhe,54
526,lmeeemrebw,301
975,xqfhxojcdg,391
179,gbsrxgulde,31
797,nvcfwgmlxb,146
965,micznocjdy,224
955,zjtktuwudb,324
797,vtiapsjrlz,116
347,jtnahitbdz,981
995,yxbzvdnlgl,833
829,qmpajhxkxd,854
548,prnzkloyii,13
638,pjcfypyigz,344
258,zkycotwrax,403
867,abeleytkks,870
551,hxmmiibjxj,778
182,trcbjqfilv,631
389,ysukuwehfr,426
676,noxuvlghrj,883
117,hvmgaemfha,724
946,migznlbcis,279
490,xdpnfrfdqp,748
827,gmlyticebc,424
665,ifkdfvcktj,213
327,asbibbcmhc,977
183,lshtgdfhpu,402
738,zazotulgbb,2
39,yxnohgjtex,948
39,fbnipwzrrk,926
646,tjpykqopda,108
472,tqxzeamuoa,823
541,qxfaeslslt,719
357,olgpkstfbu,770
810,sqkmuslgqa,537
365,bnhtonudoc,417
555,fpcqmtlcvp,855
716,vovjddeegh,305
232,utacuwefko,221
545,ousbnxinqf,610
884,chytqmvgad,528
51,bzazomcwpb,821
687,mjrixttvxx,969
977,hqktktjnam,486
291,nccjorfovu,927
492,nojckzpctu,7
305,lfjnvckxwu,568
699,ffblewpnau,309
263,dcrnzomvim,780
673,vvvlvjvrqm,738
976,grnltxflyf,589
277,rrmrkitcdt,191
552,vndpiajnvq,790
183,ttvxxmrizp,292
459,fxdzaxuksu,862
283,mybowkzhbv,62
761,qktgedhggp,354
244,qrborhcwbh,245
455,dytlewhwva,189
534,hskocvcink,48
493,ilekelfesp,332
680,wvrcsbjegf,126
663,xaiinqhyef,2
54,rqtvtsxavp,803
538,dwbvsxrplt,260
984,gfrkpvniap,764
973,cxeymbjzak,986
402,lifokowzfl,232
673,qosxgreixe,379
399,cirmfsfahy,108
103,mfsjfvtgqw,660
507,xpcoskngie,233
700,aviiaxqeqw,685
916,plnclifvhs,868
779,prxpojqbxl,183
949,owcdugysit,139
103,rlwffvvujk,973
432,kjozkmfrkp,609
124,trwakcwgyp,822
558,cfqofjivub,829
745,dkslutccbi,149
805,bwritnzqmc,740
451,kwbzvaolrp,789
813,iojlmrwfbe,984
105,ohokscuuee,972
360,vuyruwpooe,316
87,gvpwqpwmcc,482
485,swpptmikcb,782
242,sbysrbxqnj,934
328,zzgxzonsfd,168
855,vefxmwmqjk,765
977,qmlmcaovop,411
280,wilshcsgyv,856
438,eueufzundm,74
563,ptuopfqgev,745
526,zpqojohnuf,392
208,ljynrjwjce,761
348,inxbctwerc,885
960,jnkzivvvtm,9
597,ndlvtjtfpc,691
916,crnnpwvmbd,691
551,yduztcncir,304
369,pqjjqhjytu,477
502,tdutlubfxs,96
750,fcyqbruiio,737
981,xsckztqdhf,914
495,padooumdfe,227
975,ctflayhxco,517
889,jbgalaanam,183
32,wjdzadsnha,885
722,xgpbzupnoc,582
491,kuvjjsuxpm,662
828,fxchrtvkhy,589
481,ighyfiaftd,708
374,pkjfkqoxoc,19
524,puvpqbzlgq,933
887,azywzceash,125
806,kzicfexgjw,910
64,xaojtizmrk,127
58,mzfwylhpql,253
869,asnijtrqjy,65
462,nvkgsrcugf,513
519,tzveqwuanb,28
82,fzusaxfzzo,331
440,yxjhcrkmlp,23
392,vzcsqkdhsi,519
900,jghtbcztyx,898
409,wgutcmnhkh,821
601,ldwjhvlphi,46
160,rcwmffcxdg,5
554,wrqoqpcgzm,462
215,brghjzumiq,507
46,kxfjcxhxic,934
483,dxkfcgdfyu,112
559,xzbtdzcoae,191
53,dsqkqjehwl,41
802,nwmelbybmo,468
359,ahnhetmmke,319
178,kzhwvotxzx,12
719,iergvxmrgh,131
9,euejypocse,676
124,pzmoyaehxk,764
308,pjbrpahejk,632
419,shtbqticpv,639
241,yqbhzhaoet,702
6,oxxotwzedr,243
64,nmkxqgfsfc,895
529,potzckgdwz,704
291,yhpwehnhnz,578
121,ktavfooond,138
60,ctgghxlejp,150
914,atjavusgyc,278
649,lqfezzbvrg,813
348,wfbaujfpcv,544
62,exarcxubar,672
18,poayyidrog,343
31,cxesxadaci,570
215,kybkhblbst,903
367,odnifqfrjh,492
222,pxojubprpw,106
554,dloyvbglmo,42
46,pcdxykjogg,411
716,fiownxygkn,145
23,nbhxlflikw,743
804,omlrprvljm,717
236,fyoijirfzt,601
937,wexwilftfr,339
318,qusuucmcjh,225
151,ekrvyoizmd,375
137,ewuaichorn,130
205,xtvatwqcan,259
270,ddoqjujngz,269
414,jvekqwwibi,61
461,omddgvfgyi,582
946,kicxyqpwou,515
214,lroluvmwih,513
256,fwqctwzdmp,982
332,thwlraexgb,81
266,ogseoeeiog,648
149,qmsaeemszv,982
437,gdwgfqthcx,883
920,oxmtdnkkcb,897
779,rvdevbhxzc,951
972,bepkomzclp,79
815,cimjbetajs,528
339,gkurrhizbm,311
732,yxsijfgepl,153
264,yjccuaywfs,880
826,plrophdnko,569
731,ywvkuppyjm,522
191,rhydzjcrab,712
974,wrmgganqbg,616
710,beejlrbszb,30
884,agyfzgmsci,888
630,qvfpblyyfk,89
734,vlimjugrda,656
953,jhgggezzao,872
714,ntmplhbvll,870
310,lnsdgzqmgv,784
113,teaxducmok,35
757,zxtgciqhrz,978
780,lcvsskdqvf,339
976,goadfldztg,879
716,zwmsqztbug,676
817,aduepwfjfx,377
443,rngpkbnhuy,362
83,armudekazd,288
371,nciyodagth,644
808,hmzlbayjvj,253
770,isrstkcyig,613
644,slintkuwah,975
767,rbzdoilqpi,522
180,ytanmhpedm,607
572,mgvfnyrcuz,291
46,nmnedwrsiu,1
73,bghaofdnbq,705
927,bamspovtgd,90
362,hxfquvqjcr,52
419,tiqchlwize,312
53,xpggalovbf,958
36,kulskdpqjz,155
243,fioijjpqde,440
642,sseteqybvx,54
377,vrmtwbpjff,911
163,bsskbfufpv,737
850,utrqvjnwgd,172
887,klbeidznat,990
588,kmheuxhcxb,414
643,zdnrplqgjg,30
572,zdynkebkuh,869
567,isrihdjhng,943
784,pcrdopwqmk,901
574,ecanncgsrz,92
552,kbdlshvkwa,148
26,thiahlexgv,145
624,jmohuieqtl,448
321,oreueqnatl,697
142,ieoufnpnxl,673
656,dwmbotverp,430
635,prvmxcxuta,119
346,pdxyfovnxa,797
913,obuxqqlguo,608
821,nopkyfugpu,603
768,ryvncaiiqt,466
729,qsqqpwxoyj,935
253,uxinnrlxya,512
925,ufsvrvwmdr,77
57,ciuzbuiifi,955
344,wjipusfhtl,108
138,waccbwcmpp,175
465,jodesmifwq,717
673,yzphkyyfye,552
427,nmmwkqpbti,913
352,hmzipgoevy,48
257,fxelaqscnp,173
30,yzblprklbj,127
817,mkmfjbzadz,916
249,rnrmahscaw,742
336,zwiutnmlvl,857
88,axrmkmurde,256
922,blbyghnssv,576
987,dftsxqbniq,295
252,tbooydeluz,320
257,kcynwbypfm,992
272,fmfpkesncg,230
700,rrpwaershs,778
60,kxnjpzafkv,761
299,tpnqccwfdw,569
871,svagxhdurv,13
725,vhrtborixw,210
480,yusqeibdhv,399
710,fblurzjyel,979
693,fzaknltqtz,428
752,xsmxgxxgee,866
45,ojasnttity,53
48,ibcmjelxpk,478
531,akaircdeqt,435
594,yublzblvjm,255
408,evxkofkmvv,523
779,kromhejeaw,422
235,tyxbshctpr,110
874,dgrasdqmof,417
479,cuagkffwky,424
19,bmaffpehkx,823
672,atttnznvws,218
393,gpkascwddx,547
203,tfmlbvbxkz,470
974,nucukbtwbd,903
242,hnltfccerx,279
1,ieggesqlel,583
433,rlyvwkpjlf,754
347,ppchoiyevx,87
279,posgkifzye,413
511,zatpgyijet,955
116,yjvovxaxmw,74
812,atrugcjafe,891
844,phkdzcluyx,784
9,mijrwtlhdt,744
845,pfybvsvroq,278
613,ybaatrvfqj,350
275,ekhfodsbvw,828
120,lafpazxdjs,118
13,hckwowekmo,552
331,kmirgycqqe,983
474,szjcqlgjvb,634
456,qdyjtbhkkv,98
374,hmukhshqbf,461
814,qbjxrlfhxs,320
835,nyaonlvxvu,650
852,vwdrzrbuza,969
622,xhytvgaodl,226
888,pedxbdsxke,770
871,pizrdxyqih,487
716,iialhisijt,946
684,shiffjtudx,840
844,zptbbkoxfh,642
578,tebatdhrim,127
999,lotxkqqnhb,568
553,mkmqzgxula,497
705,yfxdlaqpvs,272
67,qvhckmgchr,553
769,gvygmedypv,310
305,alzjlowwhs,225
885,yfajvezshl,915
618,xkpuxdpjiu,822
263,ymaxeikiwh,115
240,lwwwdulfzb,742
602,ccetmtdgxf,999
537,sgxtoqpyel,177
174,vousezzumb,412
966,hwoflvvmif,153
573,selxnhmbyr,240
108,czlaubkvoi,887
977,wwinhcibds,373
380,gdoqvgzkpn,852
339,qohyxakqvo,180
537,lsjkhpoyxo,624
993,qxkxmmtdlw,465
806,slhfkhhllo,58
843,oxrvgoppea,326
729,vdyapxwvrh,301
579,nmbyhrvzkl,869
839,weypbdpkfx,435
967,sqqtzxrurt,478
901,vusqqllpwj,593
445,fvszjwstnj,402
129,ucdygimljo,358
700,mqfugipjdv,698
515,rtappekstz,584
794,rynbsvaldk,888
795,qpyqeoaauk,269
486,sddnydbdnq,649
583,zdyuylwljj,803
562,putyisxdpt,381
257,oionashrdo,277
853,dfxrsuramn,275
803,zivovfnokd,155
140,maeplzfhac,428
624,fzzddpfghc,980
995,oogpatyosq,619
632,ccaeskowme,850
469,eztbdrhddf,879
831,mqxrsvcrkl,554
580,hipooizoby,206
659,tqeczewkjq,422
958,elhiqawzbq,782
656,ryyynbsiob,385
581,bvhjwysayk,42
601,wzrtwecuih,142
706,nuiflibqlt,534
509,okqobfichi,853
694,ekvdxocqby,512
172,tnadnhcpab,827
222,icsioqxqme,700
29,zaxftrurvw,989
193,hgdnhcmeog,499
101,pichnqzezf,337
232,zgpruwltiu,200
5,gqzkpdaewy,825
578,wufytahftz,423
240,jsgrnvupsm,357
441,cikdofoszo,475
304,drupvsyowx,571
741,fxjrzufwem,955
292,rebzbehuei,597
20,wvgsgosgzu,337
640,nxnzhzcyfq,935
724,qqkydtvmam,800
945,nvkhpjioqm,995
29,ldbyhuqpse,721
315,kvdxyibjsd,867
663,uezimisqyz,465
936,nurpjfzhil,778
59,czgirtixfp,584
431,quhuugkfdn,224
289,rmakviosyq,977
879,vbjuzorqmf,792
295,bwkqnezauh,458
167,qrxporgagw,911
922,zqjtffofot,184
67,kyxpndxcqj,891
564,zyrtmhuaqh,154
949,dhizgnegln,998
345,apvqmucdbn,47
845,dhsiitpmuz,510
262,gxtgibxvyz,110
294,assforavui,801
590,oqqijclzzi,976
790,llmcamauhv,290
171,kvecshwzsu,284
425,yhqwgnlixj,354
535,ruowupskvk,840
395,vashlvdmxz,21
21,qkmgygypje,424
705,kffpyqmasi,938
608,nflkaietuf,726
843,maijmjthbb,630
174,utjmcvydcj,789
823,kltzxllard,654
825,vzhxkjfptl,738
156,ejjttgbipq,87
107,unrecrfwbr,384
522,qousqolnjm,948
29,mxvxctlnfd,646
979,tljfffycbx,371
587,fsfryamhyn,768
967,qdelibqbvu,691
790,qczteodbzv,721
761,yryuioafpz,950
454,nllsyfraqs,73
442,erdgysbllz,791
706,egpritwmnp,655
239,egxepxpnzs,608
526,qqfcjgvrkz,373
587,jnrpruikpq,612
585,remcdvljsg,19
923,moljajknst,867
962,xkgptfsllj,418
530,hbyogovvwn,311
246,aidfnnhmog,790
313,wspwhmfacd,513
823,spvolctdfg,784
549,pcnwykymeo,896
530,zyitzkrgxd,838
436,dkwmkzaruf,984
45,ivjwdyonoa,248
517,zpoqljrhrt,451
525,hewkbyedrc,657
859,egplbqfrub,111
929,rbmniicwxi,815
654,idokwptegy,323
421,hhqndsparo,400
862,uljofcuwzi,38
742,zjbqwfllhw,177
852,rfyssihhew,630
837,zdwlepokhb,101
918,phcjmqrtxo,114
83,hfjjvfffay,423
191,ypxzgrszso,221
488,lmskroogzh,701
713,tqnrbddicb,223
40,fjbddwyhzw,962
8,zxsqbtlykd,113
52,nbstmnullh,111
868,hyxuculktj,997
138,qzyrxrysxi,22
522,askzsmrqwo,480
385,ngjwqjvyaz,491
840,fpyvzdglyi,85
931,mferybktbj,633
26,clqvqsuxro,750
216,nrewnasogc,773
230,gnnwgxfffe,985
147,jxxulfqvjw,450
905,hivpxnvdhq,773
308,phxryrwswf,633
115,yqgdaufhgf,751
331,qkzcbhxamb,987
573,oskehcxezw,478
348,zptpracjcr,205
445,huihubinjv,759
852,vahjwbcram,55
292,grkkmcqzzl,846
904,mjpuuqfaak,890
365,pktqhwejql,178
213,cuffgfpnaf,765
666,ghrsnpvfra,74
328,zcxlxdhzrz,292
436,nsqxjjsfcz,66
339,disjekyewu,724
718,uzfzrywnxm,44
754,ivtqiakrgm,966
46,emcueikhgs,900
136,nqcxbnruve,150
626,rpfcrymzta,493
249,uolfrisvxo,143
123,fwdtkfwjgp,553
285,udxysoewuz,222
808,gpmypqgfog,337
607,wiczlcgdat,360
833,tmyjybhsap,434
97,xfqvhdcfsb,914
262,yflvnokdzo,535
404,rpcwidqgxj,997
748,hrolcwgfox,280
200,ffblzbkvbg,98
540,ujaehlghpj,38
205,dutvbtgtqf,160
783,cztyrciinr,410
892,asjpbbznbs,928
529,ebzebbsyyn,490
183,tqbsirguzx,641
121,gwhopqiztg,503
401,hpguxfqnbo,775
34,wivtaiamwd,934
737,gpcjdyflde,834
473,rxbfjtcyuz,272
321,fndeyoqpxz,220
20,rontgtbabg,264
462,massldgfoq,931
387,ndeqiplxoz,937
629,xaahzgxjct,80
437,watbenuwmx,337
322,xhiseznind,507
849,takmjofycv,597
916,zwcbejlfua,12
551,bmwejsehql,242
57,jyovngvvnc,856
715,lyxsnlqopj,717
578,gnkuoeqwto,973
110,ezafdbcclv,944
691,ioqnwguvuu,594
209,lsjuxyvbfy,242
571,vywoegesry,422
502,zwbqghzceu,169
339,ykxsvqxdtm,724
300,pphojqrbjy,671
294,jmwuxbrffp,546
310,ywghagizww,646
868,zwuendqffp,780
561,xwnovbdrpc,585
963,qcqyiponkx,24
528,qmkzsuvukq,448
980,xkknqsausd,559
990,harzwiqcco,39
453,xhonahoqcr,428
400,fdpbgmovjd,196
513,rryjrvygok,174
844,jzspogdjqp,379
74,udetcvyrax,926
369,yzhqslfhuj,951
455,rwtyuemlwv,156
963,oiufpjbfxz,751
583,zyvmqcszch,515
363,koufgpvclu,291
136,asrfbfxhvv,829
522,achibdqqfd,609
573,sfhesnxdxf,118
240,jptvlnqxhx,145
531,uaudztjcpu,801
589,mqqvklhsgg,321
663,sszwlvahqa,554
67,ecrmmyvlyp,261
143,ddelaoouqw,872
134,dqmhbompbo,262
658,mihzzpmpch,245
569,nrddvhuhzp,349
893,wmvsayaheh,461
469,yuatnfnyvg,301
564,txbcevltio,255
784,qxsfsvzamq,467
282,ezydogdzfo,812
960,lygkskaqot,691
854,valjnjqqtl,98
747,gjphjuyubo,472
219,dmahqgmofi,852
445,qqakeptbyr,470
395,ponwsxoxbk,657
149,xkdmgxalrj,487
512,nqdqscgmqn,438
659,rexiqoevca,937
247,caylrktcdb,314
322,gbgocqowoa,80
346,hohdlrvihr,501
662,eueiicbuwc,197
137,zcanzlzphq,452
249,xaouzrhsel,667
70,surrtyjwdq,332
232,jgrubgpdqc,569
594,mrvvizlays,913
349,xzyqzxowmc,1
552,mmwnpvuqrf,867
9,xyuqxgxhhi,172
117,ktwvzfwpwe,22
176,wflrcyevrb,879
41,kgxsskuvmh,803
368,hijitzxcwk,830
877,tfqpjjefxh,255
359,llkxhvolox,203
130,ovdjodhpyj,270
368,vopjaoycqm,979
11,abifksinck,996
474,scubnrbgdc,350
671,costkyrwid,385
77,zlaynhvzjx,25
293,vekdulazep,87
826,caknffbzhb,385
285,stvwqwmlqt,667
54,uscavlojhc,989
721,uagnfyjnxr,380
497,pzdvssotwh,432
741,rkgpukvahg,411
753,fdluofvlas,307
457,txtnjmptae,88
366,tzmmazccrw,131
128,qzzwedvmcd,166
842,breuppupfk,739
844,dxpbdyafdd,468
359,pigmfsagnv,496
289,hnsbvsrmhn,16
116,bqcapejllt,181
652,vxuvyaocdz,840
486,lnnfmhkral,411
335,jfwgnipeci,590
894,zufqqeiwhn,559
395,qwpzpkcxxu,736
997,vfxpbjpjoe,487
553,tsgghnulrb,723
665,huxmyqbbed,522
125,txmmkvuekp,571
850,hyiiemsrtj,115
713,isvuhnqymz,864
533,dibfrgqtsb,177
882,ymaehxhvkk,183
452,ovcuizsmas,734
394,lqekksunzd,75
136,pgnbanvhuv,330
578,cnghfqavzm,63
148,kiqogtwsng,843
482,ygxocctdmq,986
816,tlmcbxwran,44
799,yjrywyceqm,398
214,dbtiooizcz,583
601,jkrbodxsos,221
668,qblakrndjw,400
31,txhhyuuepf,138
150,tskqcmjgvu,175
624,tmubrwuyxx,784
751,zntmzysvao,921
568,yqaoqjayom,106
212,kucksqrehf,51
956,hywueljzjv,64
646,gkexplypdf,676
75,fnfiohewzh,937
194,tnbzegbqbq,102
425,lekknquzii,217
365,dxgsggftkf,369
906,letphkcuxf,761
585,biwiuknoty,869
392,wohsjkztjs,535
879,eeemsxqnuq,129
250,tgafubnpnx,129
8,nvuqbppjls,428
426,uzzuhkrdcs,435
196,bnctwdujnd,542
746,jtosxoyovk,993
493,hbopsoutdx,588
716,hpohsbsxke,433
832,dcearaxttf,391
51,ntllcoyvzh,121
178,huvrpdjibh,728
857,hdcmyijzzg,409
275,jceonxxxjd,306
14,bghxwfrvum,414
898,nkpjdrhmtu,299
267,yehfewzfie,660
565,madcxrxopd,9
106,neppyelvzv,726
682,sutkbekhic,285
3,dpjvsbcleq,475
998,uvppwxkhgz,622
252,mrajalhvyt,679
41,hglqkokfir,556
933,sbdyyfzejn,388
5,cmctjueiyv,527
918,iztbsktlyd,724
833,mycbhlpslz,252
326,bebkjanmpt,93
910,xxnjtxqumt,923
497,tycazivczy,281
933,glgxpaqpac,168
526,dipiprpsmk,616
530,lfuyhmuzuk,868
27,noivdpxdbi,523
601,qndyelrimj,358
111,zjbioywkmb,726
604,xgesvequbp,571
459,rpsckwxmyn,473
694,wdqgeewgii,768
340,snjpkxvknr,732
606,hjxaxqyiqs,376
800,wivlvfbcew,550
75,gozkhnvzht,510
523,afxkaqocvi,810
49,wnoxxruqec,816
286,nnfrldhvbz,949
342,nkazryhxcn,93
556,gwzkasbmqq,95
611,bvchyfdwwf,381
786,hhxlxrulmp,892
905,cqlzdkzonh,36
481,uhbuolkyhb,599
399,xcokymexel,747
737,hpnloddsdb,587
86,kynurzvqua,835
405,mtkofbdqrp,805
497,wtaqiksong,933
998,vsrlicyygl,690
221,opmwpxjgtg,107
125,jfpyjgtgqe,290
232,jgsondbirv,333
457,csgcyidcqc,287
224,epwaytkued,57
770,jwbodtkilh,197
211,sqbrhpuqkh,850
609,xzfgxaqimj,454
94,vywmdippog,499
358,zvxodouuas,418
669,monrhzggzk,128
700,mdjwldxkhy,776
782,bwngkmqglt,41
243,dyjjsyufkx,380
754,xyybecalnx,580
954,xqhqwfoguc,230
329,zvjeoljouq,206
872,tbsmprijbk,571
192,opeqjddlku,69
79,qriomulcnx,75
937,pqcubyotri,213
436,obyeknxxch,79
71,prdqusirol,981
606,xvlnumlmoz,557
316,yvcbowenjm,405
761,upugzewiwv,363
618,ubadoeqkut,655
735,wxjvhrjmcg,421
546,dyqdsxacbl,743
211,kqtrzcwtxq,355
188,gqjbfckeei,967
386,kbpgxfbohm,747
99,psahvogonn,155
543,lwarkjhrhm,183
668,enpdutwefi,366
178,pbtyyqqpok,932
555,sfhxmatify,31
373,qcvscvmakq,703
410,zjfyqeqsyr,732
60,newnfmibsg,917
399,mrbisfedpq,272
367,mvwpbofuzj,398
736,enrayasgjr,68
686,vukrupafci,30
454,vbvwxtjbmo,832
185,evkyiwvreg,624
923,wolwcnuhhe,60
649,gzdiiijuka,648
905,eoduljomwm,295
335,wtferlghzr,548
184,zrwyfjbgki,867
784,priammtjfr,191
348,gqlkjnfvoe,738
162,hyauspuibg,819
153,yvazsajvfr,689
991,nzszbahqub,601
163,adlkomchfv,176
276,hqdupwupug,31
214,vhvrcltxmu,203
157,toguecpchc,78
750,udewfzbuuj,144
400,sdeyhmwcgt,334
180,udvpypadda,45
171,dvyzazgzbx,423
398,eqdmbjjfju,333
764,nervnhnfof,229
673,qyppomfplk,319
548,momwxleckc,480
846,uosragtofu,891
247,cvgacishph,758
526,bpzivjgzov,729
931,tjbvvpfzai,414
852,lhbzrdwrfy,848
692,wgeaxkeibk,643
29,pgbcwjfqpf,848
545,sawijauxzg,234
718,rakgwyziye,604
389,dhakhdkypi,713
66,qstybifouo,823
669,xsvtodgnga,892
886,cmmjprervt,722
145,nixsutiivc,710
875,gcpavykysf,231
818,etpmtfzhzi,642
70,umdhqkztkq,845
735,oudrbqcxix,108
864,vqtjydftnb,713
293,dspkkzcgzy,48
909,yfkzhdvfhl,708
146,thwroibqjl,861
635,ruqjqkvmwl,463
212,afckkdlruc,725
937,zujkqkyapr,919
12,fcqwewdant,45
857,eftubbyysl,662
585,plmbmszaxd,205
892,hckapvuupy,713
763,fdaizrmnld,91
592,dnazhmfkbm,143
534,xkfajtrwnb,778
753,wuebyevttn,365
407,gjharzavaf,537
976,ibzmatcrtb,363
815,jzjldoqxum,570
284,eafrzmihfs,105
922,ljnhgfhkga,792
852,ymzyjrdvgs,859
716,fmkbcwxpym,949
781,pmrfdmhmpd,262
344,dojjztvjdt,446
950,azyfnutitu,679
629,stnadwtxgv,428
574,jfvlxmghji,726
118,htewzzazhv,889
