street,name,id
507,ropmzeqhxh,544
823,pdodpwrnvp,874
485,bbetpuvors,126
873,tchobaehuj,77
300,vggjiwodmz,987
31,kpbswezcoo,160
205,raloejoxdw,331
846,ndooojnioe,795
918,gifcjbetrb,143
72,oshtebgxhg,440
729,knewygtzlg,380
437,lwxvxwmwcv,618
885,vojvxthari,665
952,ofmjromgjg,785
145,mwrerimrqn,939
332,yxloiafndk,663
102,mqyysfsuqp,110
882,plgaxynmad,991
983,dydnxnmtzu,306
825,rirzltrnes,778
959,gxoiedpwnu,383
226,kcypqbikhb,830
416,pbweazhusj,854
278,rfoczhtntg,605
315,xvyrkpoyqy,774
45,wsenywuqsr,366
265,apntkfgihn,56
292,ntwiloibax,938
909,jpenxpdjku,215
778,tmtzagunjb,214
411,ijwgezxbnt,615
888,cproexwdrs,633
129,mgrpkfilaj,257
804,pzjgbnnuxr,514
384,kmyqmrsrpn,80
530,vmzplbhacp,760
574,vqtbxzvhri,995
311,gnialilytz,101
868,xomwzjldiv,935
449,bolcfrurxu,561
39,xgvnedjfne,768
575,xoowyzqjds,632
669,qrkpbjxddo,748
817,iluccczqfd,680
686,ewdareetma,387
860,kgimqwclgf,122
956,digvilbasr,615
318,wmnhnbzeaf,339
985,tycfxlhzvh,396
193,gngbavtubf,630
459,hqsdcrxpbc,436
254,qnpmlfnrzl,793
589,zqnylvefwv,2
457,dozhzubhja,498
837,egwknnhlax,72
596,snqjdpilzi,412
870,tuzrekxgpp,848
577,lkwcnxznqj,154
722,lpydyhwlrg,171
624,chhvppanos,424
430,wzndppehqr,1
426,ebuajraate,617
777,rlmnuacpsv,117
216,blutomloti,970
57,utapvhkwpf,348
164,vzbpqgvkff,489
124,wljsmdnaev,490
835,qnufmlnppq,618
416,wrapssndbj,673
213,ztxikytfao,871
792,mwpuixjdcw,599
409,itcuizgjrz,954
988,zjmikjtskr,202
552,fwvabiwnlj,377
459,osklzvjowf,811
381,aueisbtewt,661
351,qsakrdexuj,491
127,edvefszyeo,888
965,ujmreakdgx,999
852,xteagjeiuv,929
231,ijzihobhyv,628
482,sgmnublwaf,86
744,weukvbazcw,734
292,kfxqoepedd,78
147,aphttjhfng,475
86,xfycyhlntt,441
624,jwotszufua,750
406,kubteccnqa,486
325,vrlruqlnei,603
712,nregwtlxpk,352
108,pvjwwbghrk,102
885,anwaeyimpv,364
6,prgckjspkj,320
976,jlnuyhouar,825
756,thpzayvjed,647
973,usxiyssvcr,533
846,beefezqgkc,680
287,waszuyzlnv,314
642,qhhcdmkxua,932
429,muqqtyeujl,395
834,wzwkugjxgx,636
417,momtjguqmh,21
82,wvyvueiqrm,130
822,slafgixxup,789
540,ishauiejsv,838
981,whbyipwwig,554
418,qkyrokrdlm,33
323,laaerefmls,880
256,dadazgvghd,801
624,rxxikvnimw,226
251,jvhdhivncg,866
815,cnoxblaktv,82
241,vfrltsnzqn,421
662,pnhdecatbp,415
438,ahlikphrzg,808
747,bbrqicuzjz,866
849,qbcdqpiceq,857
242,zfhzrefpdh,814
265,gsqmkzxdav,735
325,cfndybbdkz,891
999,bfeqyoouut,655
234,zsouskvtko,645
208,gvqpsucleb,928
602,iaiamxymqv,46
295,eyqscylygf,364
789,vzbdrlmczh,742
397,eqbfammybk,316
590,fuujymqnbf,964
710,eygxzkconh,542
52,sfcorireaj,683
385,krhiwzjnvr,797
80,czjmzsgahy,66
563,ajnkaetyvv,301
469,nfbfccejdj,776
689,ayfiepdhqj,425
592,mhzbrbosir,467
8,surygqkcgg,451
284,xcvggfwquc,877
755,oukdyxoqsg,839
432,zdouocujyh,506
608,nwtpwvryxu,293
896,lxcpyoqydx,433
439,xrujrpmsut,249
255,fjbxqflsbs,398
703,npvaoasqks,896
269,hqfmhlwely,641
391,rrylczogyw,185
449,pdhkylyddy,29
134,jkcccntxev,429
117,nedjxwvscn,687
383,wjwvrworjn,804
1,vexqvkfdnc,410
964,vphzzbreno,742
198,nmmzorzobb,52
606,njzjudfwfy,290
969,gxuuoheubz,768
55,gijprmpycw,863
632,wfamxrcqcv,87
660,mvjzwplnta,541
764,ideowpadly,396
641,rnkcumchzd,278
980,tdkjztjbmc,860
226,iaurpcvhjb,822
691,wvtgnecwno,816
628,rsdiuyytso,436
399,wuuoijveop,624
318,comkwharlk,548
438,xmnlxjhmjn,467
536,fheujkkamr,754
645,tgwbbxrsks,231
93,zsecjpeygs,589
255,pwdhuuzsls,211
95,lsjoulouir,78
399,gzxfjbvnmk,229
856,xbqllehjna,667
923,uhdahypxcx,644
489,iixqfxfhzf,724
174,osqtibktal,195
8,xflcllwldp,26
577,xyvkwxvmxa,694
426,qnjmdzccpu,206
606,bkvokkxcsr,405
299,twjpptzyps,133
442,xqeohekdwz,828
14,muasfvdspx,29
93,ljltzacmyc,659
133,uhnypmlwus,828
895,kkkndrzpyf,224
358,vyfvcqhkhx,190
90,izsygmjrbp,5
936,ifvuvfcmlo,513
111,nrygefsjgo,352
737,wywroafmbo,359
775,ddgeslbkdh,903
413,jiumgbgdyj,359
79,mxuzgokvvi,228
164,ikbxejwapp,544
455,potrvjjays,948
873,krwhskjvuu,106
73,vdgkqhamyw,54
587,autrqnooed,491
369,symflbzjmy,939
177,jshbdlkmab,115
958,nwkysyzxgu,474
71,hryxnrlrac,660
900,huudwxaayg,965
527,njzwbughph,546
380,gyhwgtjsry,197
246,pbphytrwie,106
898,mqermpkgey,653
972,vgyxdydfvx,754
177,frlihsllrk,494
599,lfbshqkbjo,685
926,kadtypacxy,823
332,ggdbjixbzz,177
391,bxpiqoylzf,544
787,yejemvegwp,823
806,qenjjprsxu,83
814,vpaizomwng,782
95,wegdcyzizw,862
749,trbmcjffdt,460
538,eedvcvhxum,96
122,webfrvxmdf,937
438,dvglglbktz,30
508,uyopopnybp,746
532,yjqtrmohwb,770
113,fcqlrwmuhg,287
732,wfictyckio,87
277,pkpudqzayv,570
127,nyfezkogwp,724
753,tczsjhjled,300
872,dzipsnupnt,396
930,vqxkyjirbu,245
152,touwliyhhh,215
831,mqzxpxxqdp,688
86,gpmlotdzfk,624
982,paaedbobwj,977
64,exvwauxzkf,18
964,ldhalkpeyu,972
641,jzdqtdymul,928
214,kjrhqdihfj,874
609,yzvuvlutyo,664
937,bgjdablzox,226
410,yjgbjiajwj,533
978,mrpopopvsy,450
869,ywkvhbprit,511
963,lpwxbvybdv,489
544,ctmezjazwb,967
243,xukwficfpe,362
723,uwskftbfpx,611
672,bsutwcuxwl,638
967,yuujhxmshw,547
556,zdndkindya,167
530,isrcecygbt,151
1,ylnyyqnmnb,309
338,wzamrwbdin,391
106,biaukxenfn,215
52,rzxgakgsqp,365
79,krhravgdas,151
809,omuaklvieb,65
260,hoftrjjqxk,505
453,skkplqxyym,466
239,zcjkrpmcnu,906
276,ewdliovgms,549
52,mzqbtrydjv,865
674,lzntdvhrlg,900
118,fogbvmwrqt,213
766,koqsoadflg,540
92,kcquiyxhcw,955
507,fjbeekczyf,76
750,fhsnixrdud,921
860,hshtlafzmn,342
811,qsvezkstyw,436
722,kbmhmimqca,924
128,puyjlrcvcg,642
804,ezyergutuz,682
662,rohgjslsrh,452
18,vfdepxqutu,362
848,qudmbronau,572
703,scyiouocjg,937
232,bbijurjomn,55
385,frglfgkvwk,524
653,vmydiyxtox,631
679,pkpgcewjwn,551
67,fjhekqzmml,824
96,ynekdsnndl,931
526,hdnofbsshz,828
218,sneixnreoz,306
676,bvinoncczy,581
870,ivvtxmduzn,921
583,qojxcfjmzo,838
830,ldhucxnhuw,930
828,tknfibmwnk,615
585,adicufmtiy,244
410,unblaiajta,619
548,lmgaevdzaq,615
746,ysxlzrsruc,399
510,uqchxdmozr,497
303,ezvpnlrcre,9
615,iselqjngmt,303
779,wqfxulhmkv,242
876,kkwmqvnchs,74
574,wppvmbythi,426
250,nawkafuuxe,119
963,edygkfqmou,639
437,yvbhvzmtgh,681
208,ajbxotokrm,865
902,ttfkilmeze,157
945,iyorhllkcb,692
910,pwnntqvwim,931
538,jkmvxklhbr,243
609,jzzchxqvdp,909
959,jmtgpngsha,117
75,kgnznoajey,686
890,vhwaxlibib,991
168,ptyyzjriil,289
737,qgzxjzerrf,62
396,aupwrgujeh,20
33,jigzybodvc,175
607,igbpijzrns,840
370,gbxrvjzwcl,221
307,mqimoyejwg,14
464,jkfmlwbuvj,693
165,beuqeskfnu,689
691,xezjelhnio,449
228,wghpmcjemw,306
923,qwpdqdkrql,160
266,ojsnmxcpva,85
532,xqrpopxgad,350
756,iadxlqvsch,95
242,jpeqowyrhs,37
528,rqvdmjkoes,377
872,njbektsrfb,727
612,bjqekrtbvp,789
131,vtlgljahkw,663
230,ygkcgzcaqs,306
390,hfodvpudrg,907
244,fcikpmhxwf,238
890,dafupcuxvy,896
456,nzwgrdgwqk,648
164,gsobezflbd,914
848,ityphuolxe,911
146,iansvydmrj,710
505,oxtskpoquq,876
723,tidbsqkdxo,597
447,amoomhfeho,928
970,loclguxeow,623
290,yjtwsvdkqi,394
230,rxsxvycend,946
623,zwkfzhplcz,9
385,qradrwqrsp,150
217,zmgwrobczm,497
435,ojikznqtbv,470
875,huzpntrjaf,932
419,yrsdimxjpz,196
324,kibexjqzws,326
737,somscusgec,802
198,aogrhztugk,54
226,xshkshjoau,896
443,koiltvtjdq,149
425,xobiczzqhc,615
70,wipeylpkhd,750
318,vpxxmdphme,921
538,cznbwbcyqu,529
830,ljznpeeojq,394
266,vbvegmmswv,268
486,sridtaaodv,679
350,qwpggghbkv,936
973,dspeweakjc,665
557,lsipeunicj,60
814,cwthfwazzv,782
332,ctbngjcfcu,473
334,vlwcixbpss,45
457,ljigrnyywr,41
752,whykwajlap,828
125,lznemxqcqa,941
978,njaprllmlx,151
821,lynaodlnvy,683
619,roymvyalui,439
77,vgutesnxwq,258
796,dfouikdnrs,932
561,hvplcuseqo,770
311,wnliyniggq,776
23,cpzuedtoqq,180
896,ggagenfrqp,473
621,tycsjiivzn,546
991,devutueprh,219
444,nypctldfpg,347
327,xqmxilhihi,912
446,imzoraynqp,894
655,winrevnxzz,220
810,wtqarjuzmb,552
874,cbeppcqrnx,162
570,gowecdpmky,845
388,loeuxqwwnb,388
197,oynprerlgz,744
819,wjwcofvauw,683
775,scbiunhrty,496
631,fkucaiowsl,419
314,pxhismjyad,184
1000,utgernytux,729
832,mndzeeavpo,178
867,ubssmtlnpr,533
264,zembrqjulr,56
992,budnlwrxnc,854
873,knvvcjaees,551
587,tbltshlqaa,822
350,mwtztfzquu,58
813,ycablbhgph,338
439,atacjadbxj,767
685,caefkmippc,294
344,bcoivzuoid,480
792,iyxufpgtio,139
249,msvnmtbgix,609
555,vvowfrgogi,134
90,wtwdhgfgqp,98
537,wtnfcxripu,470
354,uosydvrorw,888
885,gouqxlkyxg,529
596,mnyjbiabcz,637
757,vhfcwacakl,891
301,qkyojecwtm,970
729,vesbeyxnom,716
837,zhnnwohpya,94
958,wzakuprcjm,54
632,yqpkbejcrj,925
667,hqwikqrgkk,831
449,vjxmbrxkoc,822
616,pexmzfvkwc,153
403,eqnwllsygh,577
942,zqczyoksab,243
228,jcsbylnoep,507
223,qfhbudyfeg,147
415,mlnptzknna,945
50,uskwuudbpl,810
884,kyhsgnxlgx,958
786,khuxjmfptk,204
447,awntojohhp,610
212,zmhlrshwpq,995
515,fnzataufwg,16
683,egwykstxii,543
971,gtqgvdhobu,859
714,hrbdyipqxy,948
20,orbitkvwep,557
277,qzgteaydjw,552
616,myyawbbsow,876
476,aapzfnspym,151
874,quwemewuas,338
125,svozllsghq,932
178,evqhqlercp,792
509,cplmzoqclp,966
829,bwrterhzhq,655
203,pcaeywagja,629
259,cpcewghsdf,739
696,qbsosqweqf,607
573,ohtbcjabem,734
439,grqkjjqpqw,331
921,zrgtayscic,549
292,eqjmzgxrrm,250
229,pgdxiqowmy,114
116,kmtqltfmng,932
509,aovgbmafbx,518
394,yuyjwjqxbd,390
457,bmxakplihp,713
905,hliwoybdao,78
807,nsagfqluyh,224
586,ukeldnyvuf,72
497,dsuzlqyvmb,547
291,mbbycsolwr,752
996,rcedlooybn,369
226,qdmivozubk,532
141,hqprtbnykp,898
629,xfknqzndvh,830
577,ffdzqrjvbw,431
1000,elpqlrdrak,571
216,udjbzzyogz,296
489,nnuzznlygr,810
182,lygullczym,123
467,xiahcjmdma,964
214,ithgfxmrez,597
173,zifgakehox,316
76,crlaqbybed,216
654,fymgqcfgsj,451
686,ydadsxelsl,703
288,znjwacvdcn,828
447,skwomdhpud,689
781,uivzgoujuy,790
825,avbvrafuog,88
194,sijuwpxudw,315
957,xxhhnxnwpy,398
415,rrldxoepkr,220
985,wutzxcjbor,101
408,zgixwyfdca,942
70,xmrcyzyjdh,336
915,grmifclpfl,509
916,iiqlgitzst,522
550,pszibxroqn,259
371,owmczxqjbi,57
900,cturxagyuj,133
335,qfwyoinyxi,279
524,gbujffyetq,962
200,ccvelgladd,326
734,zsgklhooab,289
492,artvcvnbue,550
291,fipspdlygd,638
410,oyjzzsavay,229
775,ddurpkolwo,841
813,fxqwevsfgb,819
133,lcbfakytgv,626
938,wotecdqwry,871
559,iyhyvwtgiy,53
903,zcdaivbcun,483
953,hqvvrfnkmh,558
681,ioxambbfyi,760
681,rqrvsuywhi,920
1000,ptzksvgwkz,966
988,kpmkfalagp,848
562,btvalctkju,387
864,vtnhxzhxid,289
258,vmjmcyzbyq,102
34,sgtbciaios,212
716,rtenihayhe,416
339,ydxuzvgila,957
591,vnxuuujihx,390
852,rnlalgvgrc,637
829,ukkkfxfwev,302
267,rpqgkojlas,399
995,cmnzrtexwg,413
176,rsiatnytcm,465
585,tykupfyrrp,618
544,akrehmvufr,10
806,ufbxgyoenz,89
709,bjnhigvwsh,33
722,cvwggmjqdn,830
88,gbkklqyzdl,457
575,qzazebhzsy,868
900,uspckhdoxp,88
230,qoqwkbikam,11
64,tktygnimgu,350
211,caoyubnftj,267
136,tdzllrenrj,648
893,fboofaxtlv,424
385,vhshkhrwgr,521
28,umwbsuqemt,155
72,scymoirpmn,761
88,uoctqkfzeq,873
797,ydqidkksiv,269
931,ntqabbhkph,323
953,hddvzrfczp,562
883,bvyekmrayq,410
57,lqojvpbjdy,879
288,plfatumwlp,782
589,jcfnxejhit,38
837,qnlixcybiq,354
465,efopyuydzm,431
997,jjexxmbkdn,894
503,clvnucimws,169
180,uhyhsnnoya,969
16,xprbdvmygl,533
927,dhzhkosjcw,178
741,lqiwezvpxs,713
274,wgcrfxgsuk,91
613,munilwuxtb,886
549,fhtsmlaeoa,625
541,kssdjomjuh,134
283,crpkrnsavs,124
455,jpzobmfjol,493
863,omkqhhxdie,206
953,qvtmtnbteo,771
788,gwrnhvlrdd,362
755,ebizgxwfiq,571
769,mwortycfiq,11
979,hnwvvjnuce,196
398,dkfwmvyviq,358
313,efuqwcukhj,993
142,yflvycjjjk,582
818,aigawsvqgj,62
714,upyqwcjgyh,475
996,yqcafyjjpt,505
542,iglmmovlty,863
397,gaoooklubi,986
220,axsabtfqtf,950
103,cqrprragwr,929
986,jzhmkqcwdc,208
715,nhkldtunuw,322
472,frvpezcqgp,53
401,oaoywkoxkt,56
379,mooxarhjwj,757
2,cvkrwlgouh,19
448,ebfldfecbf,785
346,vixjponjqy,839
383,sqamaqocjh,162
229,vdjfpwyujt,643
693,dlktmlopyw,573
540,jcqvvwbqzn,90
812,japjjiktey,737
436,xttphtzzuz,353
322,tudnsoaplm,949
356,chxqcickjc,837
148,uycuxqhzbe,642
441,kcumqwiatu,32
117,wnegzvbdhk,161
167,wfntsrcnay,536
392,jcrwnjbkwu,721
678,xxbwkxtspe,509
678,kxskxzjlmz,648
654,szzeipzytq,244
757,pqavjoqofh,180
57,lkhfnotady,964
663,irtupdvdmz,149
115,minisavmpy,725
994,khxrsboytp,498
344,mkpwpwtgsy,367
818,bofoccarkp,806
419,kfaifirldd,622
905,nnvlgpegwi,934
774,mwiiioyoaw,792
831,gmyxpshhxs,193
58,jjfufpgkam,168
186,ecfzxacovf,394
844,fkfjazbynz,131
980,acfhyyqyrr,78
546,fnotcqgyss,764
820,lmswvolkrm,541
345,wrzawwhikm,446
659,ztlnwmrzxv,768
765,dbmxyfykzc,317
509,uezpxpnyac,991
860,bvlenicurn,225
344,lgocpfuotl,452
223,vzwtanrohz,520
61,ggiofhwull,952
677,vwhhijbfrq,799
793,vohzwgibap,129
397,diupywslqy,429
39,htggxsidbi,821
776,fihqyksdxa,339
789,nfobihahdd,375
673,cebmvmcjid,467
512,wmxwpihsus,108
627,badijbnnui,60
262,rxjvhnnwom,1000
269,oqbmsjwaet,344
679,qsuohuklzs,699
131,mspfywttyi,658
816,sbqflukxex,187
548,yvizyhairw,823
476,xlefrpejqy,853
388,eujevnkwpf,760
56,hzympyjrjc,389
149,mbxxbyilsk,209
162,ykqlheqiue,782
78,axtwhtxphg,265
678,fkygxnzmzw,71
776,hkhdbfhigq,149
862,cmtskmecac,843
337,wbpyviwhod,35
20,kjvelrzjoh,955
743,kvpuocxhrb,857
214,krfuhhlokp,507
571,ongntilzzz,415
109,nswnxpajsb,135
143,pawplbmfot,439
707,klxxcqkzmk,985
389,imswxwpjyj,999
455,gusqwemmzf,817
957,krfuotymox,361
871,zibscktikk,945
522,dcyversibz,71
450,ndwozdqnuv,138
146,entaikxamn,158
24,kapzdywgxo,511
880,lstxkfdxao,798
504,ikhggghuzn,948
744,sphlsdrwan,107
604,sugysqgyju,435
878,qrjwnevasj,803
988,perypttnph,861
43,qhzqzvptht,756
252,joyvfkonfq,376
997,dtuqmpdwci,297
851,ojqjbomnlw,674
825,fqbcmcdrcs,1
163,savqoabexg,41
424,rvhixkaugx,740
198,yjkgijlgzn,204
83,eomcakyenh,34
812,jsbdlfmvhr,627
837,jmxktbdwbq,49
599,qruxvbxuwe,399
171,wbcvjwtqzu,499
583,gmqlvjmtqs,879
674,gcsqpcnioi,683
448,adfxobquwn,487
477,kngoztpaki,354
853,uhyeoaflxr,101
216,jtbhxlqbsl,577
896,yzppfhyokn,426
630,lbxfxulftd,724
152,jdnxmqscdo,834
148,ukezohmxmc,697
902,ngiihmdlbp,170
704,hhrnfmanqz,621
149,pnfaulwpwq,76
698,ehxsnnkgdo,673
508,ugintkbuxu,976
21,trpmixujwb,598
682,ahxbgiufzg,50
337,ekcezrpbyx,273
910,ssmpgkzshd,395
160,abqenoadhn,692
977,hpdqoeghms,669
258,scfptutqyc,812
425,ffqbggygzo,439
31,vbazsubpod,528
980,mugnsysbwh,858
722,ogcacajlcq,892
534,yyogirpmbx,775
84,widifchbxv,442
183,nrtuomcayc,974
28,vmjkqhvzyx,170
205,krefglvogc,940
264,zejotfqulm,430
321,mnvhdbgykt,88
64,oucovvwxmw,932
706,evjryvlitg,307
360,jxtwqkizlj,296
516,mrgjrwjgwd,676
311,brqlqzjjvx,773
884,kilejzvsdf,996
745,uuosjmhorv,688
905,blodrfuwtd,683
645,lfgmkuanwu,817
897,jjnecbpueo,303
348,wsvwgchngu,303
518,cdjyexlbrw,580
679,znhtaoigzq,606
972,rivefkspik,13
131,hrzteumzou,1000
305,sqkgftqkpc,655
299,vaypeoyzih,285
1000,yiwxqexyfa,581
834,hjoyahhqtm,640
618,ecjxclooll,165
147,jkwupwdayu,304
458,lldbwxnywh,981
823,fvigacufcv,543
949,mfhygzfxpr,362
339,tranequvql,963
996,zvbtqjfnfc,918
195,bsuiumymwx,862
486,ogvoozamle,443
118,yitdutofnb,451
357,mnvyxfisbo,425
800,qgsyuymsac,616
252,lgqikmrcqg,161
446,mjcaozqlrr,674
43,cvnttuvzub,796
553,uysvfiumij,890
360,hyxjsnrtdf,797
730,khxueussjw,114
18,poakftkvbq,726
702,qnyawwotnh,867
635,mvsliznmes,18
70,chehqiqnrh,862
170,tqosypwlcn,848
125,pfjmzvjjyf,316
44,uprgqkrlyf,903
567,ijbtdhtgse,413
653,gzmfqlavtk,883
603,iajtdsmtma,842
504,yrlseinsmv,843
28,xnyzrfzplg,831
23,vhnpairevh,237
810,brapefhkgj,552
944,mkfbmnzaeb,335
295,crgwuiyxkp,854
958,ussbmwdwmy,964
592,taxgttyysm,294
856,evulmmwtjw,136
939,crklbctege,639
504,auloronfms,681
615,xcvihqktey,926
498,grzvplenga,155
165,bmmangehmj,751
616,macdsenblo,647
368,ykhwmaqagx,985
160,bgyvatpwrg,184
339,kagthtlgpq,647
442,xidxpokrxf,162
360,eporoaxatu,911
728,itcrxwznsy,848
584,fucsasvvjb,217
586,ntbeptdpiy,137
948,djkkauxbnw,493
358,sweyxbdskg,96
558,axuymgsnfm,505
306,bepbaouwvp,270
589,enjpfiehrw,182
422,vudqnkfsxs,244
347,iuwxyzsose,421
602,joossjrjcu,793
300,ehfvncaugc,259
120,nimnmdfrog,429
974,gkixfptdhv,334
798,przerhhcvp,801
111,ancizfwxsr,27
771,huhkebvmcl,740
743,okxpareixt,374
532,cnuuuvtbtl,139
139,mjadespxza,468
770,nowcahqomi,45
851,whvugsxqox,672
571,hmrmxncqgj,649
713,afekfnzbjg,281
347,btgejpxkvc,742
711,ryelbjengi,444
894,mprpfhparw,621
43,yrbqqtctjb,267
292,ububnrnpyx,454
872,fnuwdmlobn,289
528,illfbropgd,644
908,yzbnjhxusf,56
325,qsgdmbdxcz,231
818,sxmnyepqkp,817
246,euquwixjat,53
580,dtgkhfkknk,88
137,vnmsiqxani,828
862,uqwhbkbskm,41
40,nyimgrkmdh,944
25,uccmpwskzb,75
813,rdgsztdgrg,180
459,eqeyhwcgyn,39
521,pjhblzsqbh,776
479,hxgkgruiwn,36
672,rnkcaxwzbo,14
439,jkdrbhwqgj,635
923,ltbdpvzwzp,849
866,wvjzppmndg,994
706,enjbiusgrb,92
347,zkzofmeyow,655
332,arrbxhfcxj,707
552,vlhpthqtno,578
406,rbdbqzyqci,609
267,httofscpjf,487
453,nmbfzmgvfy,774
825,xfoysihtik,39
545,hvcotwtgbl,83
652,hoznqjckxp,498
566,wxwymkwpzv,693
471,kkqhziyoid,4
361,erqgmwgbis,786
237,fyafhmldhg,448
436,omwwfjxuhh,243
526,nowclkktdz,717
470,xwgtbfgyzi,935
375,ixzhqgwqpg,771
468,pyodelyenr,273
325,gamxeitmbl,769
493,luecmwzmfi,343
270,atnxnktjcm,663
429,vbdhmlqiwv,599
52,xzaatlmpoe,91
649,telkcpnuqx,943
430,swlbjcdbqr,202
522,klyksqrhei,951
236,ziijymwgtp,277
913,ypuspfuryg,526
823,srnrwqzlgk,549
103,zwfkyvnmdy,23
475,tmsvasspav,692
614,leylnqfgbn,598
994,niaqdkhels,290
728,lxtybrvead,108
966,vhewxevgiw,968
34,uxdqjjweuj,787
107,psxgcmqkjm,724
285,yptbswnisy,447
510,rwdhculffr,746
715,zjltapulug,971
101,dajxdmsjfn,187
377,zjwzcsqhom,948
948,rzkkukqpbu,692
206,nopjblrklb,741
442,kllftapppl,381
335,naqlxurjot,975
886,tzfmwtookf,37
837,awbwdroybm,363
328,oavanweqkr,951
980,uoycgyrlly,886
280,kesefauxlv,3
114,ekrpxfaehh,633
405,kbxyueajcz,707
257,iqqouakdqq,379
684,bnznvoubki,535
457,zauchhhjam,84
477,zhumwgrlqu,47
623,ftzzqlwjgv,79
419,bujcboabfr,773
995,xvyhrkzdts,108
424,tqkorltvhv,733
185,zaawqkypru,984
65,stundnsxbf,746
982,oxqgpyiqge,867
941,wxkfoxldvw,310
638,bbabkoujby,93
718,gijcsznbzh,317
95,hkqmpoxlcd,932
978,xpildipqeu,751
172,aczngqlppl,821
929,fbdqrwtuqg,832
425,hitgmceayz,765
658,ujwwvhuduk,141
703,vpfdzkfvcq,325
395,tjyxzegdeh,636
596,uksnmzwzue,295
382,kehhendbwm,472
401,gmxwqabfaw,999
243,wrlcgjsnmy,393
183,jausmtfurw,241
549,hvbcteylkj,500
128,vhxchuyjvy,564
405,bpowygztcp,20
151,jumkxrjffw,9
148,lyiqjmabhh,604
11,ydgpyfjvol,507
193,rvqrisajzt,871
174,pyfoqmrjqs,532
440,uzjamwagbp,310
230,lwpzlcrgfr,504
507,ggaikzuyas,509
893,geownkobaz,777
591,iyclyekzhl,491
970,nirwsskqgj,391
429,lcuwyoebsl,580
987,duvpqxrpmt,802
84,kbgezcyppq,588
798,qvqqwlanej,863
679,tcdnnlutwv,418
452,azzfwtulwd,108
65,dyvlgdzqcy,263
450,fowlwjdeys,480
329,lzbgesrrei,905
180,sgawvoeciz,995
59,ijvjznaypt,416
47,egtlfvrldm,38
684,ktyhprczsz,220
594,nemrbouuta,439
377,nouxebqvkj,233
969,idzmwbiatq,916
190,svkrxdzvbk,992
567,bvhxwshnpq,818
190,bxrfkmfkdc,619
150,enfxiiroll,106
307,gmxeoyjdag,701
756,uofskrpdxj,616
755,ffzhupjnyv,211
268,xotwtfjncc,624
676,dcvxizcvts,426
696,kkbndgijxh,774
374,zfuiehfzec,934
519,pptgpauvpt,729
860,rezwiitxud,269
88,zhshaaxthi,732
103,nzhjjkxfbv,742
10,bhrqxipueb,170
735,gclrrwykde,857
813,mfzpzupskx,628
78,qrqsgyxzxf,604
970,eswfxclnhw,513
491,rusmghrmnx,695
354,fzqamwljws,706
159,dnzhsgdnpu,916
550,jdzczxplpy,623
831,kxtytvbnzx,703
204,ihpahyseel,26
279,bkcgpwbxqt,309
234,lxsgfiqxbb,95
95,ziogrbtyak,596
290,yckeeanmsg,150
380,xfzgoxsfhh,927
584,zwwixnbjvp,77
62,peecxxjvam,603
307,mkagqmidff,893
793,eazughpbyj,403
254,bpguitgxpv,801
803,gbvktvsrfd,853
483,pfobqcyfdl,101
465,yxxfxvyulo,375
348,guhtongotu,802
709,miwbpmgwhw,929
902,etkffkertj,123
864,gcfwerxhbh,408
691,vuajpusdsa,619
584,cbaumizjuj,52
667,cylkurenin,478
510,rymtfyzgud,775
200,fmkhtjoodd,562
910,iabupodmaq,698
404,cbydplvmoj,705
