id,name,description,messages
420,dciifenhcs,ibkumtaioo,380
125,ywjcasyaef,klupxagucj,4
353,idhhiznhlf,bmqsipevnq,411
5,nirlrlaiqa,iuvgvltqor,639
92,apalqdxvlm,qjokqdbqeg,194
308,uklvouupac,yojdcukhoc,229
263,chikgsqrfr,jrlysrquus,209
502,nofeepgxvd,lqosszifzn,480
765,zqirxsowfd,yhhieylvqt,878
764,uysrrpykso,hbrzjhgrpp,165
267,yuifletwyk,hfeicfnxyk,619
13,xhqkgldzqm,kgnpsnszht,540
124,puwawphdfh,cnfousbsfn,965
705,vntipyeipd,tntgejgits,821
596,vzewzwtlza,eirlfnnmwy,165
574,ezvddszbyg,xqztsbseul,224
773,unvpolujsc,xadecnvoio,10
575,dbqzbkmicu,pyzvwjlial,403
572,axucxatjfd,ckxsegvfpn,676
143,lohodakmex,jyufmjvehf,255
580,viqehjksjc,ngrzmvajcj,890
441,zsfsfwgysj,bmujrihpfv,587
56,eyonzvfxhb,flqerjgmnn,667
922,zscfdulpzr,fscxyogovy,150
980,mlnlcownlh,vsexmzgpas,903
516,vdrjvpqlxs,tkkhxrvflg,983
435,dwbpqheifw,odxsuemxic,350
996,dxcemudwsn,llfgxjimvk,416
762,ffettrcdju,laozbfsuzo,448
564,oyrnxqbqia,uyrkgmrzcu,342
882,iuybwidscd,pjjhvsjewh,930
496,dseucecqmy,nmtfkxptmh,841
673,hwxerunwqv,lyuiwnyajb,246
540,xrjynncvhr,zjxiuyohwr,785
777,lybpxuapem,oaqpwaouou,363
795,yzyvhgloiy,fmpbvkfifm,206
446,zjtmoqkpbs,oysfbieeyd,895
745,hkjohlsdsc,izjmhqldrc,982
500,fycoxzdymx,pusvtblblp,555
913,wieneutcpc,qfnjhfnsoh,906
69,wpzcgqlnbn,giqjcrzeqg,335
470,rxazfdzdcw,jgbvqornax,409
454,ysjyqqxvic,uxhujvatig,257
925,itdpyludwi,jjipwxgwji,626
521,zarinjgslo,kfwirhzulg,817
641,uccbiklrnq,gsykwldzuu,941
195,fixrwptqpf,jtkrgnqcoo,478
68,ccgvnzlawg,cghaydgaxo,233
199,xkviziapyk,xacbmiefju,625
148,ldsdmtfizx,udbcmusgnk,134
457,gazdrlrjuf,roalxsjgih,280
282,bqlpozkmtj,nludvhqttf,379
771,lyjisoordx,hjgrdbxbcy,668
323,nveokkjpft,uwsvgmzwqp,904
874,uivyxhkpkm,yugsvakkhv,627
818,sdsqwuhfqp,dpzjmfkxsj,109
625,joavivsiiv,usqjxrbtrz,405
795,dcgscayxcz,guxuatnxfa,432
147,vvjjqcfzoy,cenfakluat,281
961,kdiuvagrnl,onulqfsajo,778
692,hynsqwibuk,oxkekmioqn,408
736,leplkqrenj,otksjlhzcr,994
599,qxajubikjf,dtptdxocat,329
955,gsfbkapcfe,chbdszfmnd,367
168,oegoyidpve,qcwkxnzuzg,2
285,oygvjnoett,xqfydjeauu,329
763,mczqtmbceh,ifqxvaymyj,932
251,jtezhwapad,vbaqbznhsl,423
739,uikzbfkfmp,heyajtabrf,982
672,cibilswlnt,wuqlvzfehv,441
891,ickkaudsov,sqaggbjiqs,600
894,ampwbvaqtl,rjvlbzcuaf,103
71,iunabrvcbw,nnlrujcurc,297
26,enmpvijwkw,lglsypcioq,991
490,llhrdujjad,jeuqsgbube,705
232,mimfkpsxpo,qquhpojnqt,273
232,egrccrzqjd,ywxsrnabtn,46
154,gkahwpuzqu,yikjylgcvo,182
741,ackzpfbzav,wepeeuldzt,33
660,gounbmutfp,kszxpstmxb,468
908,fdpxdzhjhc,djlyxvvrbq,402
618,jzrrumjkwq,pqjviwpsyc,122
928,uxudusazrj,lszpbiujko,703
807,hogemrynxi,bpqmonlfdj,297
461,rvtnqgvyep,iadfkolyrs,8
119,mkwlrmcsad,nyhribkhre,976
710,jocfbdbwzt,wudwnfvitx,492
925,mamihoyhfv,bgrqbkyeqm,535
799,lcyyubwwhq,hqywaqdowv,556
716,mypzlsjqxs,hjxtyzvkgr,452
204,knaeyhcgrm,clfaaujqmi,62
905,yxebapaiow,ctnockysyp,207
127,sduuwcgizk,jvyuytgfdv,339
862,tpmxkfxhfs,xztsbixxik,192
949,lfykhhnyva,rxjzvlwfwo,113
24,irbwvvuxza,qqsvmypnwr,303
281,hafkyozbhb,rnaqvzrwyd,448
81,ndumgzafzn,vkcqkxdbuw,698
447,zsxbmmtzed,wkborfxein,936
21,cgztgxvbgt,mvvrhdipby,826
817,luivmzznef,tuhlxrkinb,127
128,hucrrhqvzi,udusirgmth,998
964,ijfqcfbjkr,wiyajrmxcp,287
814,paamjhnjth,ivqmpdiofe,477
802,vhsbupkxna,rulpeunnft,885
184,yimrfclual,tqcudezklz,759
520,bzqlgqvrkc,xsqmrfagkm,179
36,nzzsednrvs,ankxkawsrh,595
73,ooneeyorxe,kkmdzzzjxy,262
741,dzoimegikg,tmuanblqvy,809
617,cfzkcsvsso,hbsvfcmpgu,831
558,dnnnmrmypk,tgzkezertb,545
442,nyzkakmipu,bzkzjmrcvu,13
82,htxwtrigep,jfxpujzgyv,425
432,uuphmsgnxh,gesvitbfdp,735
718,lhszhisucs,woxihtjwzl,266
792,fvlfiirptw,qdhdykmapx,678
284,mhdhvwsxpn,ulpjukwvri,170
324,lisetzfwye,dhijtqxgtl,344
169,ubweqlymwt,xfoawpvtgn,146
696,twdcaqreqj,votrtepcxc,381
303,erogulqkqq,uuejdprqfx,585
895,segwoqracj,wvdtlmtrot,269
522,bbkrfurdwz,mvywwmhsar,38
173,iqydytgdye,tqajfqqaqt,711
358,ehnxzfoxoq,qmyfsxvqth,209
918,amcgnzeycs,tpjbugcnqa,459
623,tuxeqfzzih,lthnvwbujq,649
381,yxwtrmscwg,mjgikndepc,168
990,exxiydxvav,quxbtzpgam,902
621,qwraqxqmhk,kxhlkanurj,837
513,zpihcwcbho,fsnrdyaquj,711
953,yzhyyavjgr,ywdimwhukf,714
355,dhikimuyzh,wyzbtnambt,589
223,bejctpmpwr,bfxtndxavm,48
831,owkhpgzajc,ljwckytkgo,845
1000,yjauzkfntc,ueacwldfbb,92
568,xkkrzeajyt,cxwulrnhlw,929
441,sbskhszdcx,aqfysehcln,942
435,hkmoqcxbbw,zymjmrfxdw,423
36,dlmlvapxst,oetdjjsdbq,583
418,nyojcwfvqd,hngaxvepoi,927
166,yntaatapaw,kdhsuplefe,678
594,pzaiieuogu,dbhvbiptnc,712
706,pgpjhrviqh,captoroxoa,129
725,dvqcvjpuno,ukzckwwstc,378
475,wbwtmjxygq,jvqkmbball,9
695,tdqotugydd,guleohwsjz,228
477,dkpxtqetax,ayopxyuouy,342
580,mlijayniij,bxrlsmrweb,246
484,byfhmjatdt,dbwhfvlsux,86
711,cmichdsevg,vjufkwjtyn,39
643,cjnsyudyhj,oaxfcacawe,609
132,qzpkdomjrb,tahiepeqdb,752
12,chneozjrvh,romqnyrglk,702
134,ltqwqhzydo,grmnttfmci,542
997,dpjeocanag,cvgbwsahzz,854
529,dhypkbidtz,kvxfjclolq,851
585,snfzdgvsbx,nbbwmamqso,855
703,msmfivbjsb,plevdmnoby,701
82,xpwndqycwb,nalcvztedx,9
998,iutrdytyyb,egoraqpbmn,644
428,xcvmvhtzvd,xufvisbdxk,196
407,otyjjqjafm,kiysmbxirx,535
828,faivzzyfky,hexbyxzzwa,792
24,sfkearwkjy,chaxuepobo,254
916,klfkkakscd,txjkmvhfqa,218
914,ngjixkezbj,owzzwmcapc,968
776,eqrcsakmbp,ujcsczigpu,844
274,qxkxnyktqg,ghyifjqehn,229
571,rqfneqzsld,rreirboykj,276
508,otfrtqkzhq,ydmwddoasi,925
281,vloxwkmbmq,zvnfhrfpvj,931
458,tjpmcphlpp,tzknrzlmen,654
118,stcvnswkhd,tcififbwwr,999
120,nvakscvhov,wxhygswzgr,401
868,nhjxjmddsb,iswgmmjikc,256
713,pnobwqyixi,lzxxakxwcy,268
80,mftszrluio,ivdcdokzgu,838
930,poflimsdui,ezdojjwptz,952
877,benuloqeqh,dmfpopboat,280
374,cmisrawewq,wvsddppnbm,804
798,peikiudpwy,mgxhiyguyb,653
264,tedrcaawoi,qktpvwzczq,727
455,gzgdufbqwy,hcyyjfazaf,222
787,bqopylplgp,vjthkrslyv,57
404,bjhskuowqd,ftibfoztde,249
868,yzkqxidjet,hvpqbndifi,353
951,ngidokksxc,hzgopnlwgc,830
325,pflrjutmuu,pdiywbzkop,143
541,flvdviemdn,gfrwyvwedh,629
434,blcehvcdfz,omlrtndnuo,571
81,ztdlrymzrj,rybdvhlygy,829
695,pxojrwnxhj,sytbpaznfd,83
62,osezquvzgc,dcpwbpjzgi,166
848,vofbxbcclw,hdvpeaztcy,632
352,iazfukwndw,hficayesfm,167
22,fbebeycejq,gtcsqmzcpm,617
555,dsokhpikkp,iiumfrgemp,23
904,howgnzrrxs,fovunicfzu,468
481,txkzburtvd,aixuwyjhte,590
22,upuxbnmqby,ktzuogtoke,435
87,pevunoboxo,olryiqmslh,564
166,swsvjunpxg,acfiksprqf,68
608,ejepzzhosy,phywqksrcm,560
539,mtzpvfwetn,mmwntjuonv,279
151,fgdlmssjno,anhxbbwbpp,986
375,xalqhrlmjm,aprpnlflel,292
496,hmtgynqldd,wufxopuxoq,305
952,ojftktjjmx,xmoropeuzn,73
463,mgksvwdeji,ytujvetqwu,596
55,lktcvtwbei,ybihfbldbv,446
486,dexudovtby,dhpcmxtfrp,444
666,gnpywkltbs,rrwvzlmiwy,156
530,bkjtoshoxx,ygtjizykyk,151
178,trtpgukmig,knrdqbgjht,656
622,uvqhekxkhy,lauvypmnvd,845
540,lwrszsowti,migsdmsvgt,300
445,loktylhrir,vwuwbbborb,798
507,aydrunuuvs,tdkhjevwzv,966
499,ezeoybktss,qeffkcxmza,1
43,oobelajaql,dkzqwcbxkg,446
116,iwvgiasaut,afhoroolvz,141
983,vlbjhhpmbi,ujelppbyvn,235
586,ahkhmsywbm,wbnvevqypb,659
843,yuuemazarh,zgyoskumjv,157
322,nvumukuckv,trvcswsncu,473
570,irzxllhtkf,bjmxixlntx,483
567,frsckrfmnh,uvyhaowsdu,752
583,qljcclcgar,ekfvxvcojf,109
748,cxeqqktacn,qoazypyppa,886
743,eijnjqoilf,ukworufbii,443
197,yfasybnmnv,rxkjuutfwr,259
308,lomtpxnhpf,ighkwlchwc,131
893,gomuawsktp,qxlwwhzvof,230
851,dvzkbkvfum,bzfsccocxz,86
481,othlmfqeyx,zxjaumfxgz,880
62,mubtfwerdl,ywyifrdfax,587
675,bmgkojwsse,leomkgrlzg,639
721,aepmjojyrs,jxhiiaegmi,337
734,ifnjomjrxb,stbqxmrexk,892
248,gxvmnjirqm,cuocaocwgm,583
936,ibxggcoyik,hnnfxetynn,93
190,rsobnhkstn,ogankxgcln,79
42,zxwrcpzski,dmwotlahxw,522
807,oeemacwkwu,wtpmlkwhdb,198
384,ssrecsyxvk,htoigxrazu,307
934,jgnzjevfxg,moygwcgwrq,44
222,lrkxaieyeh,wwarlehsks,886
263,uhsvgigmok,hwhrnkumnv,57
984,mforecgjpu,akpdhfyavw,549
893,bqxlksahun,xddqqexqab,205
97,xiltbicdbx,zrnpernhao,93
219,liuombkazj,wbevxxzjgt,182
596,fopiswnyde,wztwtikzhn,976
526,sojeahfsak,zuxspdinch,269
885,zrjtyodmal,ritjwbamrm,139
616,fvdsoopjeh,pqeachojvo,368
816,mbmtzhezej,dkwvqmqudv,927
806,fhwbocwxer,ewwycuekua,992
759,avbshwpclx,tptwhzjhes,923
226,hqzqzuiuwm,orxkyzgkxz,868
79,vycwopxjqp,ldnidzpiyr,70
688,xbwqlupxxy,nsebtsnzbl,867
227,wytkdhovry,fsuzgdikwx,753
548,desexrjlhr,yklxvikvox,77
62,chifviszph,vumcfzahxd,970
201,tneqbishgs,sqzwdpnbzm,594
500,exrpjdvkrc,xisbwwaoyh,457
187,wltktsjreq,xgcfqzgiud,40
680,lltsvkwdqx,qtddwucigj,190
453,iewyxtbdzl,hgnpxodmkd,296
287,wuakfzrmax,ovutrlppdc,184
963,svgqvyejfh,vpgxsenjxn,848
586,awcycramyn,wnjmobozcs,607
352,vxcqgtmuyp,hwuhpngqzo,721
223,tdszipqphb,aptmqxavgt,434
903,smnezcbzfe,tlfmqzbeap,89
16,iqwzzymrut,rpsauerqzy,152
861,rtvgivxrug,wwwezvysvd,881
665,jefeqtwwro,iyhqsqzsde,810
52,uxtabhjqdx,izjcusteqm,336
366,qpxnkvxwia,odxorxmjtn,478
80,bivwxmhosq,opwocrhies,53
721,vzqgjssazv,mjjgrejmxq,516
334,rshoptehoo,ejhdcahhtd,272
47,zvblabgqru,uwvpnvstni,204
831,jbpajjagvk,zuemzjwpwz,817
778,waujnqxxau,yutxjpcgod,269
232,qujbxnxwuf,nmjudtcitm,910
111,pxcdvpxoty,nvmtrnyuhp,838
28,asxzalbake,virrofsuxv,976
257,tezrmumidj,nnjgvefgod,400
423,yazzdbuggl,giepljbhlu,469
324,dryudzdrnp,zrfnmjtlzm,689
876,ovvumjvibe,uzdjcrylwn,438
618,jrnxbgvira,gnzcijdkgu,321
846,qbikrflgtk,jpofvrhsdy,930
24,jzliaaybpw,gofoqkvrmz,432
754,sgcdnkmtyy,mjxwyvwait,664
129,tplfieyfdv,zmbzoejqku,677
282,xoylvdqwmg,fpezuifqnz,359
784,mfzlcyimal,ryicrzzzpz,408
427,kpvsoiyeym,tarqglpedz,185
593,qqcbpfmkwj,gwhyukeyng,423
375,exycjhzxeu,xyutapqxqf,915
687,gzxntbvxtr,lpigabnaeq,604
35,jtafkmcfks,jneiiznjny,853
582,fgcfabuibq,eexetctsfk,52
513,mvtpcgweiy,rvkishfbzm,503
138,cevyzbfcnu,kepgkhoafu,776
469,qsxanptvnq,urxlzgtpcv,441
734,zobiqbcekw,zanzvbrjkv,639
51,cygjcemlst,riwuykrkuc,521
421,xsljcmkjzi,aulxrlwezo,521
326,agzyatndbh,ofmdmhxyjq,752
227,iqimrnwzuv,dyrccgrpan,869
858,eakocsqbyb,dijfpnpili,501
771,exsdtpfgwx,sqwlenicns,442
218,crinjdlozr,stfcdousdm,591
986,zsfrtkbvrj,zzvnnjimde,896
937,fhmkmjsdiv,gjysapcdzc,518
753,slcmgumutd,yoyqdwfalg,920
364,zxxppjkypq,kbcscutzaq,417
870,mgqyadaqxi,mlhfnqmywp,7
797,zcjsrqeaay,svvkvinrkm,16
195,mghaiscujk,efuzasievv,934
241,upgxarijfn,lnxsyrdcof,162
644,kgepkoipfx,kyhqqwhdak,619
154,blecfsoqvy,jdengmyhvv,744
572,hzernkozff,tesypvqzdp,944
933,ivpsfiljeo,lagdyeszul,295
760,djmlyopfpe,xscnwduuef,371
924,duggknmrie,cnkcqistnp,897
65,skezzvuzjm,cpnaixyrum,99
699,yxrxmbersp,kmrpziumfi,172
789,edykwqjrzl,eqqjkxzvmq,344
542,yffxcootql,opsmouhhnu,175
70,cbzxbqjvuz,zwxpfnxqzh,18
320,zdxavewpde,bfxangwbzi,619
928,logktnzxam,xuwsxuuulq,1000
652,pkqbaendpr,abqiwwgtua,375
934,uexlzbagih,yttwiiaosc,418
823,cldosezxat,yonngkjesc,890
260,kcetaeiypr,uiejwzjlkh,590
316,dahwhlmbus,jqjdxiprfg,92
230,htrcgxrkqe,aixqlxevrx,510
606,mqbclqggqw,enxgrcvixy,549
135,cfljvgcjlj,bblnntteuj,767
208,uuiyjwxxph,uimczklscl,483
898,jwoudzesyf,mwkncaoswv,106
22,smoicxefwb,hmccrucdmg,167
251,qwibhuoexw,ijnduncggj,294
237,mgsoqzcmfe,etfflczgre,111
725,znilwcwvrk,ceogmgzwck,595
78,wliizohbxs,jfeqgppfpx,540
948,hjrqbepmkc,onmwchitrp,520
158,efclphuxsi,usdtuksduh,509
964,jrbevrcwba,swcqxeitaw,956
248,lloyswdleq,rdaetpjelp,409
8,uucsflqmvx,mroiqeewqd,1000
784,dscmzaaxfd,tzijigfdte,944
579,uaafycadvo,rhcuqiurup,890
705,hucirrznqs,qteznezkdw,889
872,qhcnfselit,frqotzpmcy,2
663,jnyjakfpfz,sjgsogbzsr,492
749,quxupwhubm,tiqpgttitl,392
533,aoilkoszpp,osjklnfjzj,729
659,msgzxngtpe,ufdpjkoeuw,691
846,qnvheolbfa,towxycnhhj,614
231,kwabkytpcv,wsszbisvpm,546
199,firluqcuer,jwxmuegabs,291
243,ijioxzxztr,ddtukcyqyh,766
546,nnhjbkeqlh,xgquiqykqn,417
668,oxkanpwhde,vhmrnfkecu,221
116,wsxdtqbpzn,ivectnmlsn,414
141,wlabcyioas,yqeihgqlrk,744
791,hdepadbutj,yvdingvlog,906
209,ktugamiurn,lxafnxyohw,117
479,buxngbevtx,vdyvdsekad,204
5,duoczgducz,echqbyzdln,564
584,zxjzzdtuwu,otnuccltog,860
306,lrckvwrmhq,ugkzivkvgn,468
709,daibxtcxuz,xfponcsjwg,561
78,kypyybelyj,xwrtulyvkc,526
290,llhzjqmhrg,yjgdyadrrd,683
931,qmwendjwms,szzrrlljos,776
490,vcactfshdv,xqjjjurmmc,281
133,ezyfshhigd,rqipewmczl,467
529,wpkzaanpkb,wfwotrelol,740
999,kepylslvlk,bgbbugdndb,357
922,atrqwhmeoj,gjobrtsscb,977
109,ztjzqtlzdl,hedrmpjebn,174
192,muuivsswxf,tapnjrpcus,762
523,sercpkwuqw,yflqhlxwls,398
888,tzjffdcnjb,tiwvvhwrne,637
507,mdiuerpsew,tffclhksoy,348
44,kskccozyzd,uwnpbeykpb,513
194,dqkasfnshr,abvwrweydv,543
289,nwhrzfjwjc,frhvuhctxp,928
179,ftgubwuxuk,jvgsrxltio,32
169,sbkynrcxpf,ttftepubyb,102
905,mjjbwtmdhw,tgjqjutssi,29
560,twfqczuiyg,zyfshcxulq,966
313,wtgkzrwisv,tylgxdlfqy,54
610,bhmcqmfkmj,mihsldtxzq,477
76,zbfdhpnlmh,xkqnvsvoou,275
738,tfkniwssin,kheuvwiqwe,291
264,cndzjldjzs,vcassqssqk,843
124,uttwvewsal,blqpslxaqc,249
231,ysoosrtbct,buowjyjyvd,941
955,zcvfterowa,fvdujgimir,892
757,npqtpdztop,pkwyyhtlal,114
954,ajivwtwean,tmapfvjbup,102
741,kvixratcuq,igwpnxcvyl,680
534,mdjmdstjne,cliutbsqzi,413
155,zyomkzyjio,cifexpzjpz,16
482,zcvdbogkum,wtrbnwbiaf,441
963,wsigbhzjkd,gcrxbycnpv,120
568,watcsnnuvj,ouaudteszp,489
751,hevowiizir,ycccynvgoi,264
470,rrkmwjvdzm,ruolrprdot,997
156,xbiwwrzvju,zzrahsienn,464
437,fdajufrtky,zcbrzfbghq,972
949,sqwvrxyizc,xbtpajsxxk,758
170,npautebyjt,duxzjsgtmf,590
261,pcvbsoaayf,bxuukquawo,348
616,wyorvdadxt,jzgnuahoej,970
688,ndrmhfogkp,atgztttggz,79
963,qfpsspuxzr,banbduvbhh,689
554,ffdjtdlpih,rmmdemzheu,256
726,xeflbgttct,xdxnxuxrkw,809
77,tqmbkvzieg,zcvfygzmmg,118
621,wbeqlojvya,ukvweufvdk,689
38,gsqytsqara,oqxeqozpud,977
867,hsotfhqbvc,szyzxephxe,802
736,wsxpgyobyq,czcmdxnztd,480
492,tamixoallz,bcjilcxoua,555
654,bbfkmlqwpy,cwpfrjbwvg,283
914,faavavisbf,cohnixcevl,475
948,fljmbubfij,vgnpxxsknj,704
219,okhpobugbg,aydqylkojf,962
270,gnnmbuasdp,tgyuxunjrz,936
216,gzlsmljtor,lbbwolosns,831
598,uwruditbtz,gvsrnvtmtq,851
159,ulhjxuyybl,lcltkmvpxm,194
761,pcuvomaomx,uwmwnmsske,975
369,rivoikqozw,gwpmqpylat,331
578,cntarpukxo,nbpitxrjcg,204
451,mdyaaumrkc,zrxuynanqj,120
140,baufinyssg,vvtcigwzzz,545
912,dlseowykeg,vfxofiwpyy,994
467,ucsupzopsb,acrhqhrnsi,951
828,wtkvydzrvb,pohayfjdoq,687
163,lmaopjvsbk,kfyamkuhay,948
306,ndpomgzegr,ogvqyqvlgk,544
6,hkeoakjxxe,lswxsaahfy,409
222,vtgsloxdtw,rupekrdvds,676
801,yvoahmkyam,ywumxsdeso,900
491,irbkhftbhp,smirfyynmd,570
367,pnjcalhusm,stbjhtknie,949
652,llhdmrrrvn,jtvgxoknsf,482
235,dpnnzghmwk,yllzcxydjw,147
126,lryjjshsab,wtdwgdubex,387
705,dwcrkemgls,rmywebolrq,215
260,ytbpynhpkl,hjfbiyazwf,622
485,ejbgdsnimi,muidqrcdtl,728
360,pvwztdcnqb,itmvwmixzy,304
537,qetlgoxofl,miyukrgtpf,204
463,fpfyhwhqgr,qmymrsufhx,571
602,jbuzueoqef,otfmjkucdb,740
805,bcaifragel,orybqhfrzh,756
947,pmrqjqtrlu,ogjeunhpab,472
556,oioanknvge,bjvzxdgihp,381
991,rdtfbtuuxu,lxsxrivety,333
768,urzmdaoobs,vlkxcfimli,68
610,pdudokpigl,hmekcqhpkw,981
677,brptgsmdcg,evivtvtqbn,481
72,joqomovwxl,qmwcbqookw,191
702,lizdzksiws,dzqmwfjwpr,35
659,rrmotjxgtd,hmgwmhzbqp,649
847,vaqqokynxs,vvawrnejow,218
696,mcoaeebozh,leduqzyazc,229
770,seqmxzhleq,attrnjurhn,405
338,unudvvxtni,ncjqfkoaji,912
565,halhdstnbg,hvtvrqobcm,436
460,ecuqasmspu,mecbpwrwjp,899
898,grskbosmkx,nwnksekfic,343
442,bfpvlojhxu,cnccuqrwph,165
612,ieciftnxrw,sjsmigsotb,372
632,ytskahmfev,emrusjyazg,278
792,xuuegpjnxz,vzpavjvkzu,900
568,dvzyjyutfw,igwhaqdtgl,188
648,nsdmvohiug,ahhvxihkbh,94
671,escsaddxxu,juuavlxysx,337
496,vhpkijfkzq,affddahyup,800
440,zvoujvlrzc,fctbxkntte,170
916,rppbqhkhpw,pzxhulcbtz,340
686,iusgmphync,fpblnvrgqq,432
751,ntjgewgigz,wiibhspcbe,968
837,wujcaqppad,suhffzmuoo,954
541,zmehukvnxm,hcyapxyich,372
648,rljsgepxom,rhcgxxkqnn,848
417,pzqukkeevd,mksmnqpenq,984
988,fqmuxdbfee,rqeumivzia,929
599,rrljcysndj,izebbrilsx,258
515,bkczzotvou,akhgaqlxlz,556
122,hxqjwiuvqy,wphspikgeb,43
104,vywmsxdkbd,kaomdnhixy,250
989,gsupkxtnaj,kqrmxytqnk,81
216,mpjastwows,iaigctpfeu,457
461,efsgxchssx,pehicjxozp,37
350,uzhetffdim,saykozjdti,9
28,oxtldphmtw,lbzkuzssqy,165
662,vakfpmvrdj,zzhdlidyus,674
903,zwbuppfnkd,pgoixermua,178
458,jmzlmcfbhm,kghpnziaje,723
792,ysbiflpbjo,vkaggcywod,75
271,nbxqphytjg,lkbkbmhtfe,76
243,rrjxhzlnqm,icgrluqrjs,631
88,ckzfghwirp,gazcapymbb,931
836,iyympfycfp,whqadjcqdi,894
640,txrvlhovqb,zmwodujmew,401
118,xkxzwtutvv,pgfaezwbru,24
595,ihwozatdlx,qmpykmstwf,334
613,tzppvqmuek,iddfucgzlj,843
788,eefwhzfizd,chxjwnogda,16
908,uirmsumzzx,xulqqiicwc,951
472,lwwbymttai,jtwozjcmvo,903
319,fbespebhkl,igtmiuptww,997
457,kuxmajzihw,krmuvtfbyv,187
560,veprfmucte,waeougdapi,219
890,unzoziiejo,rpuricxwgx,530
397,tqdlpekgly,cssqorhxfq,848
280,njargeaztz,zcggzsbukp,278
999,iyeiniyzem,yafqgtfppj,357
982,iicfvfcrdj,vlsdnulidq,540
628,hnqsfxgaeb,sihyynwtpl,73
32,ozwthzcqde,ooblsafyno,253
597,dzghxhayrz,izevfwgmcn,555
512,yblvyktblm,xxytfgjryo,136
479,koxwtbbdpu,hcqombxmuz,755
507,pzdbrrtasq,iaaccafnfv,221
862,rrmbaqaarv,omgoikllaw,137
908,qliwwlvril,rtsodlrxsb,643
771,xktajnznzm,mdgxzoqzuq,691
438,mamznzuweg,bdmxpkloag,9
509,wfagdqmwhl,dgjejdxgjt,226
397,qseolvetln,yhgcbrjnwn,312
940,penltmnadf,xnbqwllgih,196
780,qcxcluextk,vufdugmasz,798
286,giuubwqygf,jdwchajdiq,898
639,rscwtjdvbn,hjewcbkjea,147
886,ntcknjkmxb,yoauhhjbwo,258
106,fqrmwjnfqg,yhjsiznfbs,559
895,sbybgtxhgp,mjlmpcjogx,997
520,evymkikldc,cciouozbqo,825
964,iyvihzoxuc,wsxksgzfir,466
196,umkzwobrrd,nwmgoovlkq,537
994,imosgrggfh,rspbjromdt,600
10,nrkmorklmu,vbcntonvee,414
531,pvomjxieuu,zrtlkscatz,951
5,nhmpbeymgj,hxiimscbxr,639
43,lcxifrijoh,mhtklkaxxs,927
546,gnvmjiouzj,ruyvusdglo,924
254,afthpubpie,xwleaqfiyq,462
42,spoqoqqwik,avheemrfwr,157
592,oryfuodjnu,glzyqsgnai,269
139,ogfvjmmvib,cxswkpyayt,681
747,bqbjymvovc,vfjpulddvx,626
295,mtfjtmvjwm,chjegunwen,40
227,qnunvexjgy,ihfejjwwjx,590
338,geqzqmhggg,ksilshnodx,737
267,nieucqoikq,opzztoxdiu,128
607,xwpbrdmkzb,wmydgujcdl,947
680,ssxsfyvjyr,efbgumvadk,15
699,nubogvvatk,inywkjijsw,583
669,stykqhxoki,iydjqmxgad,27
911,bpkewzifmj,cimsipfpjj,643
573,zieiifzevv,cbnlcacfmk,899
785,xpztnykztj,jnioiqdowt,31
771,moehnbhagw,ryhhzrjene,183
867,rttowyveca,ejultgyztw,163
932,ycyxvyybeg,ulpmhbagps,846
633,pdiogumabv,xaatggvyge,494
274,ylaazfyxxa,ishesowkcb,505
742,eskrhphxib,hhlwvmafga,335
433,ccwwcwrvcl,xyzshkhtac,461
543,lbsgvbtszt,kzshugbzcf,631
5,qzagpbjobf,lwnawwkecx,948
997,ebhjorackg,qllflamtgj,828
970,kqgwzwauoe,cermuqxalu,11
190,qmgpfcfofr,velnalaeks,894
897,bnnoirfwdj,hgifarvwlj,716
508,nmhjzccdht,lnjbuonylq,845
968,jwwzytanbf,jxbcaawpjw,853
123,omqnlkvzkp,xrlfhimnza,504
666,eacyyyydxu,wcjwmwcsdb,598
758,ojppnelunh,uxlvwrxlqv,63
714,mycfxjvhew,ikujvleggz,302
778,yhrefbybfu,jzratfwkdh,521
988,gxckthgoqi,gvqqvttqsq,605
216,vgvspnonnj,wuitskmxig,285
794,qdaiithyqt,jxjcubaexi,555
606,rnucmtrana,eomqlzheaz,683
602,eoggjugcel,wzkvsbxdxl,198
814,qlvmpmtqnt,gywpbhnohj,227
221,mrvkrwvbmu,taaqyszhgw,991
484,aarylhopvf,boyuonaxpn,165
952,fawpqzdhqq,umslvnjher,540
35,kfcfrkzuoe,idwifuklrz,710
383,kgveuvwnto,bpgierkhzn,646
679,exytoznuat,mxoforoeyf,48
188,dzsswwfcmx,prqeupgoby,892
756,zslovlvqgu,mnekeabyjh,226
771,zihrdvxkyv,xnftsnwwvf,477
573,usrxpsxhry,tbhbmgiawr,250
792,yfusrsvaxg,oehzudxowc,617
869,cojhqlziws,vdeofpfdhw,457
750,bdzzacsjox,bhdkkfgchu,15
440,tdbmebiomy,ajrrurylkm,838
145,efubwitiln,dmflaudjnj,631
897,jbfirrsbio,tugzuhlebg,657
171,mrtotthlwt,uexjdkulns,888
356,cwqgjzrapf,vceqacsvmo,881
850,xdhlaeaqbc,cpuuekboks,587
621,vtgnflonhb,mfshmktpgt,142
488,lxkquvqgzi,rwfdbyhada,141
758,komxerlyro,iogdmtzryf,126
800,wotohchwux,rucmnvypsx,336
364,slmgtbcxck,fkkdwkelvn,267
878,gvwjafxdpc,ivgnphpxwy,962
458,wrninxkjyt,vdjpqiklio,506
959,arnfmggrbp,jodpfmfstq,394
340,nfzgditcmd,veiwwvuscj,372
956,hjomleojxm,zjulsmwick,185
244,dzlxkaxjay,xlfrasdbbd,664
186,qtvgqdyohw,hwpmiktddk,654
590,fnpcfsrfqi,qiknndtgdu,78
372,dnbpowsrdc,sxbokbptsj,793
519,rqkvvjahgg,uisrrfynyc,572
446,mpjjzofgzk,fsocizvmdh,208
409,dxwczoewbi,uaarhycjeb,148
171,rxzedunnmu,oqjrymaicp,211
416,tukgjgvwkk,gxlcwguhff,363
999,vrmpmzfiyu,tgslzcykzh,395
455,ktmoisjfuq,nypjrbejuc,826
284,csmkjlkaql,qxaxmvryar,581
666,bxaaqodcvq,mvjlkhwted,360
784,huogbizazf,ofbbfghtzb,491
829,ltjmotbsnu,uhreaeudsj,733
4,dmwfequdih,swirxdlrlf,627
75,evvvxpleyh,nvkxpzvacc,464
918,xouayokvbl,aprnyrihap,844
439,bkywgkuaol,owlkgzpxas,152
983,vdkpxapynj,snxehpfphh,47
44,qhkvcsmrgt,bnthllrgli,910
564,nlvtbrmwmr,duwdysumtr,611
776,hozdaplrqv,lcpeltsdqr,400
561,thdbnquvia,bimjlooofa,576
444,gbsxynvtma,osirmvvjnk,318
224,olyuuskprz,ijyzpkpcgm,348
236,mhmvfdcjjl,pemretuzjz,568
253,benzkkvpgs,ypdkaongas,319
173,hxcmnmhnfx,obmwbelfaw,645
140,lmqvbiphsn,kgxrcunfpk,346
425,adskzcojnj,lxijepwraa,213
856,xaspmdocaf,bfhsowjegx,274
524,yyeulshiqa,sidphlpqmn,343
964,dxckeznnas,zrtehnlybh,513
809,icatmqgpzc,cgaphijpls,98
549,gmkohkfsla,mjawcjrgpv,589
404,eylvaboqwo,tnavtpwthf,654
965,cogcnilnrc,tqdglvbzxa,685
945,glooulmvbv,ilttyzchew,155
737,aycifykfef,dmkxwvzcpg,906
690,uqnnpawycy,rnffckkutw,272
723,ytcbswvwqc,lpvytynsxt,323
460,dqmcdlafqo,ritdapyahw,461
688,nebfribzyu,biyaqdgwhb,408
370,xnwuaryhnz,giaokmbrye,265
762,bemarkxnwj,pvkrdhsvvi,583
119,jlkrjpfehh,durabwpsbl,67
837,uzpqqgrlol,rxqjjqqaep,88
871,yrbbmkalwa,nkrkpxwcyt,380
269,vrqrihzogc,qptyxnrequ,788
446,naxpatazdr,hravbnqrhh,202
725,fqurqjvjbe,rvnhwaofqi,376
471,sgwahozfcr,krymhyuxvk,117
353,nluobyjikg,mpmfuhfeaq,694
44,ltcgcytdru,umimhnjgta,453
812,jbfekortdh,vvgrscibvw,444
187,wxakqpweif,ztttrlsozf,576
769,sygxwyzwkh,nxqbjytxlf,858
894,kxjwjjvkmo,gxnhekphrr,984
221,tpfwzkmutr,eefytpbsvl,287
610,foyvzafxgg,ebummmpixf,107
27,lozuwveabm,otcsikmnic,347
192,emsqbpvbyn,vmkqmxqigu,592
805,cqaxxqphbg,wxuhbrvufv,941
966,rvopxrdgzm,jytczchxns,911
192,jzpqnipzql,ifioysfcmk,997
78,smuvovtzrn,qswgmrnphd,128
592,bdyxjtpqwg,xclcchvhqt,627
635,pkwpmnmitr,ovmnujuxty,922
143,hrucyiyioa,zkowgmumfk,325
339,njgtevxevw,nrruwqfugu,485
433,fufcpbfcsp,ipikkkbbqb,588
519,nlebaftikw,hkpexphmya,343
994,thdixfjecf,vbqlwtponj,14
523,chksdcwhqs,cbveevnnzp,762
197,vosdgpweat,wohefzwakt,100
668,wkltjrpozl,xtnmluimhu,851
62,snmynwkrqz,htmlaedwql,157
420,yhmugldrlw,hkiimrlcsx,35
120,cyokgyvayn,hyknqghjkq,696
486,wrrxayrpmh,lgmuvhjsim,969
862,gulcgltyuo,nstzhhiadk,557
424,whubhegcrg,ocdsuongwv,997
453,hsrzkecpqj,dtuyfzvgqs,563
675,kfradnggfh,usxlixfkfi,542
951,lloyqaycjx,aeseecgibw,955
763,lbxcrambfs,biqnsbolkq,755
121,lsppeqhmtj,pzcjbmlpvk,642
917,ogkelxcdjq,resdwpkqwt,101
269,uvdvlyqrwh,evzlnhweop,889
915,rtyjdlpbxl,ubwqgxjlqy,650
15,jghwuuieqn,kjehbeopbk,376
8,jurzbdbtrj,vtuzjjfmof,602
955,rdufrgqksb,lottvymhdi,70
9,wvddpqcgkc,jnljoxugip,717
597,acmimcfsar,sxvwnfrkns,114
298,bahsjsbfsu,ytjeakyugg,890
487,whbfeoqkfi,wifjrebysh,275
260,pjgoshkfwn,ikyuojrskr,320
869,rtucirkiob,tfwurnaqte,507
437,tfxnenbtnm,dkgxqelrgz,24
322,wgffeoshgy,actplailzc,7
374,ctoojshlst,vwfafqxodf,24
603,krfgygygpm,urbxefzrts,327
917,eljmjktezr,ouapvcndam,840
923,smjvjgrums,bmosnfqyjc,3
564,hqlsycaywe,oluhpjxwoy,208
796,aevyavsfsi,vmztfstdcp,995
335,lxrcyigffn,terfjhmgzb,39
188,zromptygam,nqyzybsjkx,637
722,zkzbhbzfzq,emdadsoufr,277
308,dgnzkmyqnr,ubitbjksza,82
551,hnyddytnbo,zwfnxpqqwb,25
441,uydpmaifyo,pugnzrfvro,944
179,azdkyyoras,lbkwyqeklo,434
143,ducdrxgaiz,crcxkbiign,504
113,jsfjouqmif,cmuaiiulpo,560
344,andruvlmyy,xgabscwwkn,745
100,xwywllqgew,jwdfceasal,659
440,zymefrhgsu,qusygocofy,762
368,esktjpbtgo,ppqhbmfmqg,443
603,ehibaqbwhh,wdnlqpetbo,899
121,tbscqlkpyo,xquolqqzyk,317
124,tavmnbmmtp,kyunkvsyhr,396
817,sodpynzuwp,mjdfipfzpg,107
574,ybnkmnvcdj,ygtcjwsulj,331
501,tnbtzxsjbi,kxnqovlviu,548
686,rciqhnuzwa,mrzslyheky,944
95,gjidlitmhq,dcdrlbentu,694
423,bmmxdzcuuc,ndiljpflti,44
189,arculdtvkk,yfcascxmiv,682
979,sotxvdlmtd,cchaniwwra,453
408,yzkdvdrmxr,zliddatjni,200
968,hdxldbicei,swgvkckzbk,314
300,zmikjaonog,nzfvqlzsxb,621
199,lomeysrdbc,hoyhwkigyx,548
926,ziqcddaqpp,jmoofuumry,3
701,xinzhlelnb,bzpjqwzdrk,50
799,ntbqdxduki,neywqzwbjz,313
294,lgejuknumv,oiozoeqfns,99
309,xjcqzoyine,xnufpbnljn,662
524,fomnplkngs,pyvnfjsjso,247
178,hgbdcrblbz,jxgaijdaul,33
195,pjobkokitf,dytczppjhz,734
370,voypgxaspg,njqfvgfeqt,282
799,cztbpequhm,tmgavvmaio,846
177,gdpmvvwiov,kqrzvlnnrx,825
731,sfinhlupza,gyeefkaenc,831
241,bgxecbdmyr,wgbhxxmsim,885
658,ebbhzkqeat,ihvxghrubk,42
967,zllauwaeuo,wsweuahivw,662
985,jyelhdxnrl,skdwtsawrd,373
797,ehnlnfdunf,kszqngplhj,315
674,iyhxjwgtww,lvktkouuye,247
833,rlvzswhciv,pvluntqduo,619
354,olzjwvqsvx,lazawnijdg,665
700,opokoclope,knrgjeidso,734
403,mgarnrords,ptehsiskwd,658
178,jwyndsteus,kmlxkhrosh,149
386,wmjboesmfp,brajocdqum,201
487,omgihndqhq,cihsgmejua,405
873,tghrhhhiix,grnuyoxpdr,814
519,owohfvajhs,gzaulepbiu,678
596,nujxxprdhr,auschgensq,393
173,lvnthupuwi,mjpddcdwdn,665
143,mwqctzeani,ixhddteujr,344
756,icxnkaheby,naorurofqd,661
845,sgwofvqrbs,imcsjpmupc,363
592,ecnzasknbe,zuujevuepz,664
778,wwjmvwyztu,dghwoepftr,603
732,sszygyhdqo,zgfuhtyixm,244
249,agbtkymecu,rzwgeueleo,646
981,iqebkkhpbs,uuqrdaqwdu,830
918,uqenhfffyv,bvrgpwpifd,427
500,iqmyhtxzry,alwalumkvv,679
811,fgdojxtipk,eldcoicios,155
279,kyejttbcdh,ptypmmondq,390
614,dmvixzdopp,mrawitbylk,13
992,twwbdknbst,htckapmfyx,130
376,kdxytuexjn,xqwhehdorq,904
827,ljbtviipjl,qhozvezzuo,324
791,wnwzllhwvw,oczyusqkmi,460
436,rembkctyjj,buboxcuvty,930
516,rtccubhnpl,gdfcmcbrdj,369
101,khxjomubfn,ghggcgofni,365
380,rbterifnbc,kzknshjejr,869
915,vggoewxwrw,udfxbajrta,347
610,oszlhtalsb,dnnybcldrc,81
424,qlemwtgggf,thwfouavkb,516
402,sgvmkuqxac,uivgkldhmb,187
977,wfcfxlywrq,wjyaswzbki,127
231,eejvtxdbcw,tfdegfzchn,68
697,rjjixadvyv,ifrepxmchx,325
245,uqebyyjrlw,ksimxdhyht,787
132,xllhxydxaj,ctcmvlzzws,189
919,anuairufwe,vhvwdmsepd,151
796,qlerqmkfwf,xwjzgwrogs,165
873,dpcralkjfs,xpzuktfjpr,95
998,jybosrplpf,wxkgdsevuo,262
949,zlbqnilgff,ptdljivjqb,677
436,zflapdzlni,osbwsktvqv,839
233,rfqfcpsjhm,bjstbsijpv,462
971,rriapptvtk,yubjmffvap,864
342,axhmixptgs,mvlcyytfvg,26
150,vpxlfdyndo,yxlqxcfors,608
874,nnelxbjqkn,yfpwkreyvk,529
689,kfutcbeizb,ojdquzbdol,735
358,clfjvfhgls,iinsxgtlke,27
982,acrfmvgirk,ttpeyofndd,515
863,hnwjhvmrjx,apgtadkbhm,494
18,nerjscpwty,kkfravxopi,565
912,svqcgnpcvl,dsmwnnqdtv,331
215,fmdalffjvy,snhcohccsg,861
133,cjmawdrwvy,zbjhkmdxqv,881
26,fzdprbpeqd,yrxfrjaykn,705
529,hhrphkzoqi,wrdrawrldj,783
614,flxoukcseu,ideatucbmo,9
512,ngmkssduks,lltfefvdyl,869
727,fgxzssazwv,aemvldpffi,116
189,grzdjqjljn,jskxwtjscv,914
63,djozivkstj,fdonflkynh,443
947,xvqzapvknj,rkpybdxpjz,918
747,oujktctdil,ivsbminusn,20
631,babpqwlofn,bxqjanngbj,697
397,jamvwqburj,duelpoklul,672
51,rwazlujbun,fkfzskteqs,817
450,uhdcjenfir,cdsjpencuk,845
924,yqcfijnvdq,zgagdyansf,847
5,fzhzakmtlk,qsbmiapozh,835
508,oajdciwayu,xdasllnspp,953
729,kwxrnnwoje,aiugdvubxm,98
928,ujgdlwquwl,udqcbtjrfo,448
371,skkcjdlzcg,tsfwqxdasv,64
130,tfibeiyzvn,ysreotyxeo,851
292,ayieleegjk,ulsmpbcche,735
622,dbepacemap,jhhfxgfcna,73
426,lpcscbdyzp,wucqjftvsl,404
776,vletrxfukw,ibagegzlrh,145
839,rpvgpvwaxj,jogmdhmtjv,241
91,sywtlxgufm,xljirrxsnx,533
975,bihdzcjrev,leqyccwpxo,251
970,zfywhesckf,fpwiwfjcoq,58
653,droqjxphpi,npuhdywysv,315
890,eikumgdzyq,kcmdgivnfg,640
261,nhdhcilceu,iklfsapbjw,400
678,chpykecpux,aehzmvdzxi,424
819,pqklnpmfix,sbwnajbqca,489
192,ngtqfonuzy,ywkvnokajn,271
474,nyfquijfvr,nirutnzskt,303
390,hqhqpigbkw,czlrtmeuvg,391
37,cuhszkbpnm,lgudrqxvfg,808
673,ewaccebtwg,pvlfwoqtce,414
88,njnhuiimqg,abgssrdgss,684
886,zdrsrsyagl,lxkzzbblyr,491
462,fwhqfriubj,hgosrqdkqa,347
553,nazwirslga,vzwkrprscu,215
75,utuwofdwmj,yrojmkuizt,412
988,lkdsirebcn,nzkpnrpgyr,225
547,iwjksqcdji,wjufsijqfr,415
411,rgagzvwdjq,antsvryvwf,121
456,veuymigwru,jdpoviykdi,251
394,llrkbuhpgm,lzteiqlrgw,853
519,vmxxzsepcn,owqncdqevi,327
332,biedojdpcy,qinklydocf,149
507,taljyiqhgb,lxutntrgdb,644
20,aziayboxrq,qfljgrvdig,505
623,numacusyzi,txolfdytpl,544
855,iplfyyklak,mtberdmcqq,881
768,yecnpqazbx,jfuythelqh,147
664,esulrcsvcc,ywyowddmiv,804
727,ffmoslgcoa,eqxtaaophk,100
129,rhrijnewgk,ykjyuesfvl,192
506,fmhgreapgm,cgfpkghbfo,460
608,seihionooa,tyeqabkypc,639
763,sblsfovwmz,wmxiaofhfx,850
254,rqnwwbtwqv,gnqizdmjcq,711
38,jgrgtfecaq,qkocrzevvu,812
920,adrrzvhvmo,cxdmmbshic,96
30,lgdjguezvx,rfvostgfvm,692
769,tyypiszngl,jwkdusjsjp,817
39,tgxerwnmgh,jxqasxwcnc,759
981,hrxttlbgde,vkvfdkcjgx,507
893,gyqtlkhyai,xdppnsojam,918
583,vnkixhbzhe,njptbccwkr,587
890,vcvzecmwte,blpntkxdtg,936
235,wooxyiukxy,uzbusprswd,786
955,vjzcdatekv,nbwtnyfjif,588
868,udjwvicuxe,cvxiroigao,1000
859,junfyqbvwj,zlgmpfabgb,91
182,gvaultskrc,aabzfmflcw,372
701,torxcnpxqk,uzivwhzgrt,859
276,exbjsvemwb,rnxwvrewnc,820
149,galmlgklqn,ifrwlysigj,333
409,iugagwbuhq,enkvruvokg,874
759,cgbumyxdov,qzedeypgnt,791
554,ihlfqcapog,xonjtlykls,500
326,glkorbepqp,qbyatksxzm,329
561,bjsligcvwf,aeaojqfjqy,178
484,xrtsnzpnjy,nezzevriyj,482
610,ftkydnpfpn,zuquerbgvg,180
615,bbfbaoiwrv,fahpvgjkiy,643
586,qemdraiwib,qasexoueca,712
242,ssyxbtswwd,dshvlvffok,122
282,duoopjzqey,kdqvsivgiy,486
663,jemsowlnsd,eoaduhitzr,544
655,qvsfgrnzoo,wmwnxlrdjq,911
194,ioxfemznwp,zbavepyoxs,419
876,btjiniaufx,klyleyvjwz,104
640,gapxvgzqbe,ohhfxqkmto,627
629,kpuhvocnjd,zkptykntfd,411
611,vhzguuodcq,spowpumekx,752
132,juewuvbvcf,pzsfdobzpb,910
822,xhhnduunee,cueerpcwmb,785
7,vqkdilediz,gggnjxhaal,16
423,ygdoplycdf,cxpwqlqbww,173
696,nmecovtxus,lqwutpqnks,35
967,gguqajvwsl,vhjzggxziz,629
346,icncplhlao,nwfpjfcize,251
778,uoectpobmz,pzhmdmweqe,223
66,kjnlukmptt,gxuppaqsdb,563
429,ppacasjglv,siwtisavco,427
674,odrkrwnowj,yucwqjzjvh,112
650,mltxwhgtyb,mhypexpzxc,569
430,btjnyzjeqd,tsivdlexso,810
197,rkcofqlvak,bmxeoeuark,224
459,gnshwmjrbk,mfthwuynsu,994
489,sbrlglamwg,hgpchfpagn,200
746,pzalhgpytl,izyyfaopsv,278
506,oxzkzmrryu,njknplmkzy,672
376,smjqfnykcy,wmyqaaexql,765
667,qydsssrnde,uopqlpjvfk,599
632,vtrntggone,xeuvglduch,416
177,nghetrzxjc,kvzbjunccc,821
381,hzqthoygiv,sshuhqhvgd,710
982,yineazwdwc,drcrigkxje,386
484,eazlzxymiw,veaxvpmzki,350
118,ommojvmggy,gybjvzthtw,445
528,uivyujgyhw,svylhtsami,720
900,qmuhxxtiqa,yivgxtdukk,14
92,nhueztmhbo,jlwiwyscam,299
700,kzhbktfxla,zzuirvxfci,740
179,qrqgzotbts,gfkdshsjok,423
785,jeoirvltay,xhdxfargin,998
410,vnkxnfhane,htgamccxjr,412
1000,hjctbgsxfg,ujnkwmzzsr,109
291,fzlxrhdaft,recpigtdbe,664
715,wupfrxbjiu,cwgskozzkd,807
402,nfkdfthony,xpgoaunplt,524
118,maseefrary,qxecfbwxeh,372
91,ytwpuuczhp,gluibxybke,375
700,qmmvjadmve,jufrfswnug,612
377,dtphxvflkm,wljgefugjp,384
721,quphcnxymr,hpqvclkipu,718
392,xngwemjgvv,hljgfinzhc,278
216,gsaopnvpnf,ezgqfswfbq,905
595,ryxcfwkulv,mfpztqvpzw,242
382,aknegmxunz,kqlarkguox,158
254,xwpndtbmjp,apofxhkgyz,35
5,jvjqrfyjjv,lvroqtfakk,187
92,owohdlgoxv,rjvyjnpmzi,417
768,bkrdijnjzi,vtrofqzgia,273
432,lanchayiqk,ebdpvumiuj,26
173,jdzkqhzihc,qpuzogieln,558
223,ifoititxfd,cqphotshur,567
