id,name
491,xaveqvkjmv
937,wsevnuxczw
684,csudbabxnf
818,vkvabqxmmx
177,xdtchhvdas
668,zctsbpyjzb
484,vtwikisxnw
680,pijlbxyttz
522,nmlqcsnkgm
624,whivqnigbh
547,fuvzaayigd
504,mwregdbevf
705,nrmaguxwjf
151,desxoqkypt
110,wwspwdsgvb
141,szwxgwdoow
184,hhtmnccldt
117,qoeiqwiiwg
576,mqjlpykylt
955,qwxevvpvfd
381,gyltdxkqrf
805,plzbkcteju
196,ttsxjgtmpy
541,vsqdtcepxt
954,gcwdbhrwnz
668,vuumzrlypd
39,dnsgvftyfe
615,cfnvjcozrw
35,qtoargtjow
93,beueciuquh
563,odvbkkascq
885,wlqvmlnmta
147,kkdyuokjil
362,ppkzohmvdq
244,vuxgjtqiwa
922,ryirnulacy
358,cvfyupdvqa
529,jhpenpzroz
413,mowrktaqgc
377,lxxaqwuzuk
431,mbwpzcxwol
683,vmrebasqdy
963,jotbfjjcjy
349,sjzntkyjly
578,nzqufyhzho
789,kllyylgrks
664,lhzlnhukwt
524,byrhgogsfb
594,mwstmvpcfs
203,wdlfzytain
56,nmhqfpyxkv
703,gdojgshrra
675,bymkluyrxd
703,pixiwxfzuj
719,ydqpysdfvg
803,qdaxudovet
585,smpfxctnvg
221,fkhoiaratv
712,elzeglixvk
738,gmxivdohuu
814,qxwjvxxxgn
57,jmfktweepe
686,hdmptwrzxf
537,xvnscrylmo
430,qwytttdhsb
358,khvkjankxu
749,mbpysvckhe
323,zuziqkuyum
405,yodmvlxypt
296,lodpjvjcjn
377,vqavprxjjf
876,wpwrwppouv
495,mnwaywwbbb
121,ilhnsywlri
413,rdjtpwwvis
862,ebrfjwesiv
222,rcdxdmbsuc
647,qqyfwvdqjc
661,yjkjpemfvb
85,qezvyxzqzk
143,mstjhaidkq
908,wgmzxlqfuw
683,tgixgmwibn
430,msfsocronk
628,hiqxyupnit
779,nxgizwkhaa
644,eyyvujrnda
547,dgzoufgsbg
18,sijuetdyqx
896,rjokqinxgh
595,nbocbujftz
248,xdrffsujyd
227,kdrltmygjx
936,qexdjvtkrj
844,tajibenwpd
368,amfsaaejuo
748,wzjoqkcsjg
740,nakxejgmif
922,fprvtwbpkd
127,tvxydpllzk
423,gazbiyopqr
241,sbgkyvjvhf
240,fxasqzjnff
25,ocrvjgfduz
185,wwggnghbme
666,cdvpryugux
26,qwrvvskyam
393,rmedpqcxdv
877,hleidsbgvp
187,fqcxxlgmdc
268,sfersietjc
514,wmrpoejrhg
686,iklekvzfvs
799,bdazcmcgde
769,klfhizravh
143,narbzvjklo
255,dbidngejrm
714,mifzyaziqo
860,milyzszvhv
310,zowxhywyed
213,evclareetm
14,bketvfuznc
66,qhrefvjbrn
392,xcyuczboye
531,ohikpxatrd
505,djnwniybbi
460,pwnssdvmbx
602,edogbpijwt
756,halkwlkxnr
405,twstlukipq
200,sjgsfsaumw
926,ckdaumdaap
84,bqvusfvgxt
365,njvaiwdljc
313,djxfqtuxxx
617,kjdcwwlram
710,lkrlpvejli
173,uzyjaovdqb
730,ngqonimdmh
926,oefuqiyfkj
302,qrvaajdchl
665,mevyipwowq
990,oeacuobwxi
640,sigoprgenm
255,pynngtdwtq
901,ipgkcfexfn
849,hhoroziazt
539,miewyaqfgc
725,ubhbssjunb
403,ponyhkdyhg
654,qcjiikghly
395,zksjyplukp
499,dbhdgnvgnu
751,piudvssbbc
258,yirvxfjixf
675,luoddldxji
245,rcqtpbjija
693,krgmmuwhmy
423,svyqltvvzk
701,nxfwsfpglk
478,smfeupihjn
912,kiqlnenpra
10,cahddebbxo
975,kqxrlvneiq
27,ghsjgfhsth
819,mwzjnumhcy
525,qvdxeyxpxz
580,twdrdgnhnt
581,isnkttnxxk
523,ueabeodcir
923,tepqxzafii
190,emzfswegls
81,jvrwluqdjb
138,ohypoveuxm
98,dbfnyzdvlw
97,jujwdhjuww
187,mbveayatdr
397,kqsvypttvo
731,exnaaqedea
434,ybmqgnkwqc
325,smswxfxvrj
526,jqbckjjmip
699,vlnwwgrkau
939,itzdurjymz
92,byvpeechif
122,uolxzlkydx
349,zufeddspub
944,tjufbekrks
954,zbkieyeobk
491,ozjybdllor
757,lytfzzdxaj
420,ucujcnuhgk
564,vaknvjbmll
557,lyzvnvcmvm
317,ddevsjdnsc
283,gmwavvyfhc
28,qqxarfhnwa
668,mywvoaorky
955,rnbhboknma
689,epoyffzcqc
671,kwphyjxasq
467,qewxjbjsax
800,fbzhoefqra
160,gobvuxvbfv
447,xfqhnehido
142,mapmxgzcgf
25,qgcfqiwots
869,glxangowaw
297,kdaxhibhen
808,chphincguk
328,fjjxhlmutr
59,mlyxumsarr
1000,oxqmxywtuz
828,wtxoakaoep
91,varggnjclg
349,pkkucdwvhy
927,blnslvihgs
807,ltpdacwrcs
587,nsmeyaobzq
655,bmagtrnncu
793,vzncofihyy
548,uxbdzvkttk
725,kroojhwttb
845,rnaialgykd
667,bpdqkkmumu
469,lskuupfmwn
212,vfcwfqgetk
569,hrkwtifajm
624,gzdemmkkdg
927,bushbwkuif
451,xhwbwqqccs
584,nxtmtkqvkc
155,mibptfdpvg
510,huoawewavl
975,vogipqrxxc
957,hsyksootir
744,zdhixoxkff
108,bapowemlsc
322,waocwsrzwn
331,crnvnhatmf
418,rjcllqqjpp
789,hqvctamnvu
448,nujrrwfejv
654,xdewuwuysn
557,etcqgununy
461,qlririduqq
180,tispexxexd
698,jyvznmvtjl
892,vpexjdfaiy
791,tiwsrujbfm
667,dsiayxqhbo
673,eytgcidccb
11,zmetnzggzk
415,pqdypvxkkz
151,wcsoneyolx
504,lmbovnsdex
37,smjgvhwygr
72,jfaadzfyua
372,tzvzbavwrq
978,kyikwxdfvl
886,nvnlqvlmkw
405,ctctolfekq
334,tqbnaplvqr
234,xeknsutzxl
514,zpoxdagbfx
403,pazgxqlhpi
184,dikgdjrtvr
148,kjdqduynkb
203,gaaictckqj
412,segqjfxizq
933,gbgdpwbnsx
716,wsiciurbpl
797,pximojanjb
237,ahnmfieama
802,ljqvvwuwpi
428,avsplmjlsl
460,njimvfgcjx
384,yhinhicxqf
449,jotfbkiqbk
945,sarrsbkfsd
324,srvbnhctyi
242,ailpdxmpra
398,ndsryieazg
518,neaedivarr
215,ilwwmpjjbt
157,tcwswzngiv
396,zijcvuyhiy
390,fyucocmnxb
490,hkdbidmnot
389,rmdyneejji
368,qfcgpqqwwb
301,jcffpzhtxw
175,ikelpatueh
134,iewbizeufd
388,eanasauloc
23,oeniwhjmcc
763,mmvwhtxavi
395,inpbzmiddq
996,sisqzqupsi
958,dcjmlmtfeg
432,hmquwatlet
671,udzlvamcii
164,tczwwhtcpl
239,tprgkyweao
707,lyukzcxszy
207,axboduzuil
478,orfkhhulys
461,uaxrhvxoyx
543,vlbvgcaqxf
726,irerlhlmsc
872,qxplfdhygk
411,qhpproarjv
902,obzpxegfoe
758,uozdptmjjd
699,kbqdcvjkmg
693,xugkrnonyr
382,ceevfnylwk
101,jajqjphmio
388,mgslgscfbr
46,qsnvsdyyap
697,pusdyumiox
260,mermlbdugi
933,tddunpoyfh
803,degcnvarrw
51,txcrnxrmnw
88,iwyiipbxqs
68,xsvbdbkttf
966,zuhpxklutf
759,ywnuadhbhy
621,plgexpttdr
578,jrpgwnlxvg
786,wyzepfyqqd
432,przllegqzd
589,gaehasohyz
804,tskkskauiw
637,wnrskpdnhl
419,hshaunyubd
476,euklrgcxnd
541,kkrfuuswrm
368,ccixpkpmaw
339,wbnmmndyig
134,sgfbwopsdd
785,ciourkpppu
839,msqikbvgfm
835,surdcjyjdv
694,anlsmrmweq
690,ihpjvfiyqd
7,wnxvrypqiy
415,oejfcwvwpu
176,jevbhgkatl
78,hrhicepnmh
89,ebbxknhqir
923,nnyntyqzbw
6,aytjmpievz
966,nekzfkbcok
523,ulnurrrgay
417,kwpgvhekat
110,uoxxjplyuk
86,eajbwjqcdw
559,tuyrmraerv
373,ikoulaxuqk
90,lkzuaijnac
83,zcezfhrmbg
649,acsanvharn
219,vwqquuqamz
277,rsahtsffio
735,goycjkdcab
781,wrjciqjylt
470,bqxmtjzwpv
883,dwaqjbmmch
183,ixfjtdpwjy
805,xksigwzgad
962,fkvqbbawya
744,tnaabghgpb
205,maalftffpm
374,ogobgxkpzl
699,yebnqfygip
792,kyorhjtunj
53,srtjtwsmdv
467,jherxrwuat
139,jowawgelib
269,gfpojhytsa
42,oqfvnbmjss
951,qngpzbkqlu
215,vgdtpqrsgh
419,gvcbppiogi
880,vkgucmenex
854,bkueiytotd
993,adqvmextbh
174,fywbuuqbxl
595,dlrxoicrfe
147,nbqyznrjdc
870,hxjkvdaogh
177,lfewausiaf
583,xqclbjbwjd
59,bnnnogbuja
360,iivqbjucaa
383,iutrmeznam
157,rkmrnoxgqg
151,eoaxkzrvcf
772,qktjpwhoqa
645,qmoagvanax
107,gssnbbqcbq
149,euqepwuczz
628,udicupxrly
806,anmpsiudwt
275,wcsggfialo
799,mkoljgubab
637,ncjcobhvgz
604,akvcrupyws
921,cebwvmedel
441,qfvhdxkqri
929,ybslrqeosr
252,mzkwwhisvy
289,iegcoemjuq
447,whnfqukdxl
109,tquhxisiyi
378,eifntcjnoc
94,nfpfugzfzx
835,agokaijmjy
532,lrnjtajnjo
344,xvyfoadjgr
835,xnkignlfqf
490,blidqppiod
697,chcnvssnuo
770,tadvqccnam
580,eacxjodoze
918,jpfqzltsrc
839,hixiwaxjuo
684,cbygstnwxn
77,wivplhtmzy
268,jtzjzlyxfj
923,lhrdwhluvd
785,yypwuaatuq
457,lkzeaokoub
311,sxhmkliony
768,vzltbsrqwb
581,udmmypdsvy
100,rdqsajxfsx
259,rbenhsqytp
889,bdwnecdzws
115,bqbuhkcbfa
720,pujhygpqjr
458,qwbyuzbamg
210,fziqdapoeb
23,kpzontqwij
234,jqfekepuhs
585,rbqisnhupr
918,cakyegcuhf
435,jqwjfdgski
37,zwxpnvpfmh
219,iitulmckct
705,beudnejweb
901,dtdijuqodx
645,rfylbbdpji
699,ghtuqmnmwm
470,qlwhkcfrjg
279,jffgifuxqg
965,flbgmuinga
997,dmfifvyvrs
425,vlivgidavv
628,gavkjvotpj
680,vnsnteepsh
164,cnhdpiwdjh
318,zthbsrghlw
800,kdkqzvaosw
538,ouhddvygjc
92,fbaycvqvmf
887,npizpkkake
391,mcophufejz
167,qaklggrcnz
297,usbkfmqzxm
768,roupbxhzjz
869,qoxuryxojf
946,jqcljllwqo
726,qjstnyesaj
997,xhyofbvdnz
419,qhpylqnxek
998,bzczutsens
814,zixrytdfdu
994,czuxjlyvyp
920,nenkkhbubp
200,ogpsmsoxpl
341,vdpjuxrjwm
537,boyjvzyzfk
340,txbaiaqrfy
178,stjnejxaoz
758,wzcmqimcsu
999,kvytrfafed
621,ibqxletmhk
168,lggrproiua
486,szeuudrrki
486,vodsompecq
798,yodacpbdfx
845,htkpjxpaos
886,ahvkaziirw
179,fxwkchctpg
42,bfnoygdnqu
86,yxeroovtlu
468,lxivhsxnpc
752,uuwpgubbky
892,xmwhowdupb
829,maliktownk
210,kgkfqvrqjz
914,rqvwvzywse
968,yqetvbqsrx
270,bkxhgmmequ
676,dilmhyqjkc
651,wzexcjjkkj
323,vwxchgsaqz
253,dfcdokphzg
485,rdddpxdbdr
712,ncknhqfotn
142,vpvovhbesg
308,uextwixkzc
98,yitzxanoky
76,gquhawtduq
662,rmrjfhhhxv
193,faqzudtrsj
564,ssifhgsnkp
881,ngzxxehttz
582,qcfsueeayz
173,dimohiytcb
665,xaxtfstxsg
301,waumlfvmfs
754,miaejgtxhe
733,bgkssyxksp
611,sjknxhghlo
586,atixojuwsb
173,uznvldoofs
820,blsdqquohu
870,tnhfglimfe
468,ojrtjmjhnq
971,awnyqwmjkg
285,lwkjllkjrh
493,yquxtuvggx
990,wksclflpgm
151,hlvdaubyex
341,jznechtnww
340,dbemgueibh
899,tajyljktsw
500,oqqfegexnh
910,hejnkhlwfn
223,lranceuscw
665,mekbjqzmds
735,jxhsbjxzue
908,jjqsmkmynm
785,daxighveya
216,xsvstihhkf
843,gdxsfxqvqm
290,ffwgoamrdv
45,psiwvgvobi
551,svhmpbyfzr
610,pxiairdsgj
829,ssklyptxbw
775,vhxwalwlkv
607,mmysykovuu
745,xtfbftbuyv
375,mvdzhwlthz
658,tpxdglnjof
476,qspokqqjyk
868,yqagdjiupv
924,vygwzxooyd
874,oshskstlhf
154,qpuymfpbkx
629,yoryadfntq
992,qzcfxrawgf
803,bhfdbixxtb
404,eyocaxeuvp
8,rkgpcbjepe
654,mvegfeyaru
224,vrelcyhkyp
238,ohwdyvztdf
913,gglcgyftip
353,hfssnllswu
548,iukkeblzhu
540,qkbsseqoql
275,ugesulcyqm
261,emswzdgesg
282,pmrdcnapmn
936,ddigdcbjbc
529,qzhjdbczaq
182,slsjtcsvoo
328,ciqddlkwho
582,cjtvkhugsh
440,wmehbhtwhn
807,nfvpgussms
39,tpzeuvnxew
915,njytcipoyp
179,ngmbelmfwn
84,taazbelags
948,qmzpqhnoge
928,kikynwnwhf
12,wjreoacdmp
607,njwfnmkybp
473,vcfxsdndjg
218,obmjmsxxae
97,etyiakhypm
821,novovanfgn
91,zwdclqkedc
525,wpsxnzarny
347,jetplvjmzd
113,obnjyylefv
405,tajgenwqgg
284,yvkjumjsoh
679,nklinhqosi
215,wmvzhoacjq
10,stgacrfldg
945,ufwjxfzpjt
561,uvdzkwuazv
514,ujgzwclmmx
215,gtavcolwlj
2,jbmvdfwlav
427,vxcwcvkcgx
829,omejweakrc
341,vdwptankfe
505,ijnpvkwibb
553,seabglguuz
36,teuemodddk
26,hvjgxfualu
265,ysvmlsjyrc
71,ecuvlprjwx
979,tbkgendbbn
568,omphhklhai
167,syfrgmhcqf
776,huwcxhnkhp
829,rqcdpjxddj
147,lsnqgbwbvv
686,ssshhumncg
463,hkjwqupztc
509,lmrjtzglna
166,yuzlfaztvt
929,ixhcgkfnbs
313,fjfiiwqvhf
1000,alkmwfvhiz
973,segrrpbpkn
683,pyqodorvpc
801,qdvyswhjwk
167,uzbdkmybjk
452,iqewzbdvpl
953,kqqpgvxmgq
377,avrlwyoife
24,ievoigijym
269,tkennvkvyw
54,unvoeivczz
479,gdpiveyiqs
278,kxmjeclfjc
109,hwjewmqjti
733,pewsxjxejw
164,qwlpdojzzy
36,rwqykwmrwz
935,pidrwugsrs
842,wjzojxskpj
5,zqhhqxulia
477,dbehyxypch
366,yduyuexcok
832,bytcudvvaz
477,wyqbyqoxtw
109,zxdblluqzv
495,zwjxptdecz
899,dbgqflcqta
128,umbwjcmuxe
335,aopcsdlsop
259,dsfvaekxdp
191,hlaempydja
642,djyhyztbmv
856,ikqncbrtth
808,pynsibaohf
358,whnjkgdszv
804,xvbhgezgja
210,ppalpykwct
352,iyjcksyxme
788,viaapmruyu
476,orjhnryhzm
690,jgmpcklxsc
743,pqjqctfron
765,vtduvfzeuo
21,xyzsbhbgjy
834,xinaeoifiq
448,qzpfdpqcap
236,murfdmuetn
658,pzjafflirl
5,eesyefwnoi
607,kpyerrgxtf
382,qaloxvlvbz
430,nlwieotedt
609,ggviasqtez
1000,pspczmyscr
996,axsonmhukc
38,ojtqlasldv
287,qvqypoosiy
701,ptcfhiabsl
299,vlaulesbya
420,qbpvlrlnst
364,tsxncmyvyx
971,kjlfszaopt
247,poawpxearc
500,wjipkgrqmo
571,fojearknsb
573,plzqmviwar
986,iwgierdsfk
587,hjbtooxqcy
368,adxczcmixc
622,bojryjjthq
513,fmjsbzkxxa
970,hzgeycnwrz
261,yjjjvbptpo
114,vkkhexzdjh
86,njdursxnsp
222,ngahipfzmc
152,cgtdzhxpnj
525,vbckxluwzv
862,ugjcmasrvz
130,urptvgruah
954,fbyrlbbbty
201,cttktbbenw
132,qgjprgmauy
562,rkzopwbhfp
135,awskyptett
899,kyjepodovs
923,eoncolqqpg
873,ewiupsugdi
212,pjoxwfajbv
710,fsfqldqjzm
630,dszsppgvou
50,pfjnuobhoe
52,iuxlugasqp
637,jbwgqvtvki
954,dxorshiwqd
154,vmokfyqtlv
377,febcvyqhhy
740,ayztcwtmut
458,agoocckhsw
563,sbgwnnosgr
200,huetlyhyuu
791,hrfuonjylx
473,nfiymwbjan
826,jvlnngfayd
580,pxnjomixxy
472,brnhixbyap
410,lydpnwsqbg
545,kguscszoqo
880,epunuhjgpe
900,vqlmwxfutv
458,aqkerhrgsl
885,tvnzkphdrm
689,hksmeahdjc
454,bepvrjbzmg
484,yxaortycnp
280,mmjhacslxh
825,vccwobswde
249,wmxhglvbhn
723,aeeejgikme
446,rkqwgtzpay
876,lcudcqnjzp
394,iaznarzzmk
939,lstgbbpeoz
571,ljwspuntmu
421,evyowcsqom
898,nwjnbwmeez
303,xslwdagxdp
298,lblaarsrwu
753,ftjcnzfvbr
79,hfojrordce
515,wperwtmcoa
79,ucdxunmvkd
210,wngloffoyu
826,vdxgbxlyts
195,cksoetrhxg
764,tufumedexb
964,dpmycszqzd
345,qkevvowajo
41,dqracbngls
375,frqyqrnjnp
355,qghuoowbjy
742,dlhdgfarar
689,qhftjybgca
634,hhgpmxbcqr
18,vgnzobnipf
645,sajfmeebys
495,htegavoozd
288,jkwozvwzze
460,cqojvvyqve
514,ipccdlqcgt
519,zbspxkwyoy
94,akuxytcskb
334,ogtveucpbp
383,dpzmjrwrke
323,mcuomjxcwk
942,djivzgewpc
826,witkzjfncj
345,zdvbwreazv
303,edeazxjcdf
908,snuqaqydun
36,rylvvsamhr
43,udqlidnspm
64,nrnijnrryj
12,yezzqgsrhl
807,qdxpjvynzd
192,xgwuogorat
863,jyykqnrsxs
66,pxjeyjpfba
304,ycbmucsjnt
460,okisaavyvx
250,fbsdjdfanh
351,fwmwuywlhh
209,dlrgetfljb
899,vmnoulsoxo
786,sqquexxven
585,kspaivyzec
670,avsliqqoai
775,qikfmlxqox
365,uxagpbvzzh
595,zfvnnoexdf
371,fohxqugscc
253,qufmqzfcjw
597,rghhlbydkb
168,eeieuzswam
506,tsowadmkyi
800,fiaasghbya
341,tndtkcliaa
11,jhuhdvydkt
856,ryncvuainm
955,ozclqrazyp
338,yrhqklxmby
1,hnucagisix
313,mnxqlrdluu
298,ioarkuwqas
311,phpphamrid
61,gwvlatuvsh
551,rionihdbjy
369,sfglarvkkp
46,csfxxlybvy
585,wbilsiigff
373,ntdwmvihgd
986,eytpywviff
749,wgprbdhohs
642,zeqdgoyydv
809,mxnwaomhgs
146,beoxsiyeuk
334,hmgjonvsjx
356,jaljegulfw
852,ttawhlvfru
868,isgjwnqbup
77,ywwppczalu
377,duymstbvoz
379,kbyhchxrna
819,qghqututqt
749,cnijsvvfhj
533,uzdocrpvdj
833,kicrrkubnu
827,txvouyxkfx
594,hafmomlixc
212,bcrxbmbfkv
882,dykglbsomp
119,tznkqbaycm
775,kcktfulsgl
705,qeuupwgbjc
496,exqmvdizxn
92,gleaarxefl
688,bvojltqang
991,muumjmntao
473,lojnstwphk
52,twgvqtfqrz
48,bxowkalayf
59,opiolguomd
158,trdqomtoko
650,mflnrhxbov
763,eblebakmmz
512,rivjnjwbro
419,mysvoobsid
203,cjnpgnhckc
684,caavwwlzsu
776,nygmdbnrou
453,lxpnsfmkmc
746,lqllmhrsvo
831,untuxxqcaz
609,smkehmakkv
526,kdgfbxacjp
563,hkiqhamtal
880,rzaqsbehef
732,yjbofepyin
171,otghczfbjj
664,ojtfvvsmcl
841,olveiuussn
614,uvevxmurmu
534,bzbvhmcekp
374,prwxsavxet
454,qaoeccqjhu
51,wzbxyktioa
299,kqmtakgdne
992,fxvcnuetcy
340,rvlkqkknmv
356,bndzuhiwmc
61,hwnubetcva
737,nbolhhjwks
172,dskksfrnek
608,kcpfqqeghr
520,vdzrtuyryh
405,vefbrseqfg
259,bbjnebinkp
607,siqkowyzdb
368,ejtuvttgsp
799,immkpvbfxk
917,mbjnfhobni
671,jwnzkpawrv
849,hqpfuvznez
708,kxcgxgtubp
972,tfjmosvmop
795,xsxvyesrde
396,kiacmxquzj
846,swgrqmbztt
909,cycruuujwr
142,yrrbnlbzha
223,qqjxgrwfby
312,tomvssrjdb
819,rcdtjcstuo
91,bvqmmkeylx
108,rpwxumjkac
663,wdcxivztvb
280,valascvyzw
143,qxsjprqqei
135,ibmcyuemaq
638,vjtcuwvksv
146,uybxjutagw
844,btphspiulc
548,fuqwkzpnjn
513,wtzhdwxqkv
315,eymwynvnui
463,epcrcpwjhz
494,ejadmwhuco
802,husvvrnubz
454,cqsfzrdjys
314,ccixcfntqe
936,pocfmwebif
782,hltdoaqypr
64,oxpsoefqnm
81,ofarqjshxr
822,cfrzekbodo
8,ycsljrdjpf
580,obnmibarmb
720,zpwoafgjcd
180,rznxhaubqr
723,esolzkrzqs
581,jfqqmzfhwm
850,ptyidbgvdb
45,rudazeioud
507,zxshsbqgzv
479,eykgxrimaa
931,jwsowdqgkm
309,owgnqeexxk
363,qwodnshgkn
373,sznshxywab
638,hrsocjsdqn
142,lwibbmxcbd
343,lrjrudbawx
435,myjygtwwap
742,zjrjipxwoq
349,zwpdezszih
27,fqjuanzdet
44,imflekcxsi
392,jpqowanmin
533,ltwbkjzmdf
186,baxrdfbfwr
220,qdgpdvwqcz
719,wpkikxjrsj
34,wyyqakcmzs
103,kftswzzsbb
662,bopemknwqw
893,tcyypkobcj
215,dbgrpsagim
142,iewbpqqyzf
494,iszlxfpwlh
512,zmxzrfhizf
935,iaibftlglw
298,szblbuvzwh
63,xutctqqejk
241,ypvofmdmcc
206,dhyzcrgxte
792,dsazocykqe
973,aasvfwqejo
901,tsgejcxdhf
24,itmlsfizso
473,yrnutjbtwy
644,kwjtumcaew
895,sqqtcdwmlu
416,rsrnmzplyk
499,nepagwktpo
166,esqqpouddl
355,blsibgmmit
505,sfzwgqbhku
688,kafnxfwdmm
911,gdwgyotevr
220,hmkddnjums
304,kwkpnmazpt
228,xwagnmfqtd
980,qzgozrgfbz
798,kbpnlgpejh
207,wsxikwagzs
570,iewubudgdf
