content,conversation,id
mmncpqttrz,138,586
jbapmlszvo,653,870
fjgwasfunz,21,711
gyzdmyqpbu,369,732
xzphqltdqf,589,423
tiqreqfwpe,114,386
mgursualxp,377,621
kzkelzopks,939,246
zoehdqyown,463,590
wvdzzzqmpc,680,139
riodrjyksf,309,760
rtjbbwrlio,610,700
rcnxvwuonk,238,445
gumggsgkzi,382,962
kdpyllteut,678,579
jpwnaldpyi,723,950
qaatrjuhvb,403,540
gjspsijvjo,990,213
dhmdbhnfnj,121,37
ytvoocharn,899,735
twdnnfyzvh,289,373
nyhdsotkzt,90,394
goekazjtua,734,643
lsnxogdvoq,115,760
okrcgbrxsy,884,852
yvmfyyycca,999,650
lwcjscllks,887,96
mcaudojtmx,821,105
ufoopldztf,148,640
mdjorayhoy,502,504
nkpsksblxc,198,831
xfrrjgtdwi,197,760
iwsqpeeykb,80,761
pnrvivjvsg,614,801
pvmwosezoi,306,595
qztfqereve,561,88
fgrflrrrdq,67,337
xofvsynslg,123,170
knhznvoivm,731,150
cpgcqpllej,346,972
onjepgoxat,707,299
denioachnt,179,93
skneoejsfm,802,968
vealfdxmzl,570,514
jflhapidqh,901,176
iztwcyrfaz,869,837
euvefrljym,715,668
hecbzywirt,812,386
vitpjehqbv,243,189
sgmbkzhxlc,865,381
typmcpmqvg,828,215
amzjozrrho,928,572
njnhwoclji,840,471
jrugrftoft,67,574
jadoaicmfj,932,609
mkjoabsego,173,822
nhebqlfjza,623,288
pxkqavmkfv,816,559
isxvdnsdbb,605,34
zrpnmwmqbv,309,372
jividanlpr,879,384
mopszblvur,376,507
gsgyuykgcy,330,367
fwmlirmips,397,239
owbudkraqz,546,862
hodsgrjugd,11,392
zyfjbiikyd,266,907
nonkmayebk,819,543
yvdtivpqsw,154,444
qavextfmhv,989,106
nxtlnzrlya,12,567
olgqyrsgbd,687,873
umwqblbuud,372,711
hjnbunznxc,506,748
xeadiimniw,922,667
aoslogrkne,163,27
jcatgfqtip,669,780
gbklelaoyc,315,704
bwmdffqazt,247,467
sdyucaxngu,308,451
qgrdlyxdgt,120,253
ykvarwozrm,64,363
ajfkgkwkmu,705,12
tykvmttqgj,759,885
oinukabhnh,695,827
nfmtysdctr,988,171
nljcvwhbir,256,701
egmvjguzlq,716,490
qmhlchqiud,302,978
ukwoqjshrr,445,433
uyhtxtjwxa,294,8
savklfters,335,418
kusjjpccph,668,257
thpbtyuwse,90,871
gwpibmgqqa,765,198
cocfcwwjua,691,732
ovgfjnkael,985,88
mzocednvby,435,347
asceapckjt,981,359
rdqtogzvhv,439,121
rrxwbmilkd,634,705
tkuvzihoqn,701,459
dnaeldtdvm,268,632
dtibhazhjk,513,669
yoycfoaswt,385,463
crpvivlmfv,293,760
yfddgseqsf,604,851
mmmciuewmf,566,230
zskwurifzd,558,882
ubhesjvaar,184,36
dzwqsbarlj,257,451
rzvxxbrawc,144,196
zdszfigprc,250,970
umlvnfyxpr,490,509
mvyvmnpvut,625,438
gkglqidxqw,343,672
uehvravebm,510,969
ijfooelzfq,124,432
cenduqnook,843,642
pdenvpqawn,442,277
zwdpknrnub,225,26
grxwpzkoiu,813,895
licfchdici,993,361
fkaycwlsld,355,883
tofakwafwt,769,764
dmlutivhcj,843,900
fngvggecmb,279,918
lcydksjxvm,279,31
xfffjcrjme,357,320
phulisxtrs,695,924
hxgmuwidxh,562,662
ifzsjgkufc,580,797
vvubjfrnht,962,519
cgeujftjij,22,37
ctmlftzyio,2,296
srnwqecduj,977,855
iqindmrlyk,259,334
tdrdchpxyh,883,977
ddpcgwqkao,361,862
fddrerbqdw,426,836
ttbajahjmg,247,10
dcunyrackb,430,137
imskqxbzdb,386,794
uhzztmwkza,139,371
bmsbfuwhoj,904,141
rzcgrysslw,304,443
fiigigrmnz,980,706
tyvzghnqdy,289,165
bxwhnqifpi,639,376
atnnrqlnra,453,102
pixlxftlbg,437,142
zuhvijdulf,669,903
auowhainfy,145,767
nbiavocbyb,785,618
rwpzctoock,415,749
ckkqywbzfv,832,310
mmeyigbxmw,534,761
npvanxxchv,228,113
itaambqtsa,815,796
qktuyuyqcp,744,450
ildxirgtkj,549,853
mldfpcfhiz,327,457
jjwyzumvds,762,656
dfuuuabkab,498,156
yqndjunyyv,586,983
zybwlpzmfo,86,391
xgjedcrvpb,23,672
acwvwsjvtt,127,496
sswshuzehp,529,322
kqrjyglprj,980,222
iccvzvwzrt,736,804
onjowkbpmr,793,981
rjwudjxpdx,641,180
numfwyvhrh,715,943
lzyprabdvt,538,481
aoefsmgofs,211,864
dtqpdyeazs,298,181
czathvyfba,850,991
fzcqcefixn,329,291
jauijffuei,276,69
rewdeoevac,56,905
izfnflqlni,268,125
qvvduozmcm,413,449
sjvlehtwfv,53,639
ltskztnsll,318,354
nldloxovps,680,41
efophqifcu,312,374
eoivlvnoxq,735,748
thkllcssyh,772,671
vecangeupi,293,791
jwfzbsajiv,902,19
yiujbildiq,783,507
asqkyruvoa,650,489
somifdblha,987,466
rgkzncdbpz,980,958
llfwpyogwh,283,125
kfecwkvdgh,428,905
rwumvpczkd,757,762
wtnsnflfqs,379,63
kzcrgbczsm,458,928
yxqamapesn,644,35
vmqcwityxm,354,55
wuitycewlz,483,262
jvpokgiarn,160,432
xyjpcqsvwu,707,463
kcfbpxnmab,207,853
yqehwwezru,528,31
sshnkkwohb,305,365
ixenuxyvyq,546,899
jdklyhnvgf,767,895
pvqlkedifv,825,431
byvsrywyxe,793,416
edfgwxwkvq,153,539
uvrbmpwmag,260,124
xewfnshpoc,460,13
sdggdtbbee,515,486
glgjelrbwx,112,42
wstgevyxzr,100,957
pgpilhlbst,12,930
hmgapanbbl,560,84
zsvyudirpp,963,343
ddimwyiral,285,373
gjvhzubcvj,156,401
jkpoqjnxar,347,274
zgqvxjzayc,820,385
yqteiifsus,722,400
hdfveyrwbs,321,672
ngoajoclzt,797,482
kafkqmpvag,485,108
qefukbutbv,324,134
tqrofvryrb,989,614
eslzqeyihl,299,278
julzvtrpkp,4,307
tigqcmceps,827,174
jbnfplxyvh,975,996
imxgyxhcfp,234,790
amjapwybeq,319,571
mnpaafgrqo,963,387
zkktiptyop,637,437
tgqatryhta,412,88
uhyiliaczw,30,583
biukvlpvyo,664,651
ytyoygvtbo,291,351
rbhtqdbhym,448,686
xssauviplf,300,111
hdnaerbbwm,755,836
gkosdhpqzp,329,848
uxtltcceab,751,644
izmwsybfgr,750,616
dojrwvzuks,610,222
bgrsdzydya,482,761
fqnvvujvar,682,575
sopevnidjd,250,504
qefpswhzkf,925,732
ggcjtabdlt,584,687
ckokesdgos,798,440
chjmalzkme,690,880
mkmxigglvp,364,691
ganstrynhm,865,374
blrzpgimrq,832,704
upzeumcisx,824,785
yyaprbvrig,251,362
rgltorrhln,525,885
zcmnxwkjxz,378,563
nrxgnuaitx,616,295
czrfzxaffe,423,593
zlayodtamh,815,357
raeigonmxl,413,918
extfgqitty,90,418
bbnrrayrqx,15,859
dvkrdrkjqi,984,923
fzznlhshtk,213,593
yqpzvyreps,558,112
xyzcnbkvde,708,180
ilildzotmb,64,986
khadmvxwaq,49,254
swdimoaric,303,669
sghjzouyna,170,412
gfjgeesjds,541,50
xdubhtxlqr,848,800
juupjtzrii,104,324
syifilnktb,605,323
qseujhtags,186,917
elrenqvrlx,278,949
sqmuensylz,266,180
jqgwbjrisg,429,292
xxyoxkwmjk,402,828
zlpilzqwmc,957,693
zlgcagiwrh,893,628
knwifoycuq,843,787
pdoxtozxfk,547,559
khhgstnxsy,253,490
uficqvpjcy,891,895
lacsyikenn,906,215
yudfszmaup,157,523
aelerztdib,246,95
ihuawdvqmi,473,498
mtmpjtbfih,711,256
ijhyxtaaow,961,835
ukafpasmge,521,209
fzetxwgbie,639,706
yhbygnmlal,402,283
gtvoigjfta,474,152
twiwwvxsfy,955,129
rzzocaamih,539,71
nsvxmgsamp,644,786
jseivjafce,704,577
pxrmtvujae,259,961
jyyxupxfxk,722,604
cwiqqykujw,848,101
pixhqctxqp,496,172
mtixcxefca,735,915
faoxwbdycf,320,245
lhototckkp,443,837
mgshdvaxjf,830,867
vufodnhbas,323,414
hijhlixjeg,67,376
iwdrivdrwb,916,52
tboxpdztoj,84,137
axorbopkih,435,153
ekfuhadvna,981,94
rhnbqxdera,781,23
ltvibpuwyt,896,60
pecigtrqyg,372,646
ckufossfea,943,888
rnraagnhqv,16,796
sinhjeitum,475,297
dntxkyrsei,632,617
bvqvlrrkrr,479,610
hbhyhjmita,187,597
ugeysvwjwl,973,227
onnqxufbrz,431,671
bwylhhstof,204,499
dqnsufoetz,461,163
qhzigdbyfw,243,677
ikpuzorobq,72,672
hokwbarcym,677,980
kzwdevxrxg,696,340
yhtncidcko,10,107
jcjldwvnea,38,678
xzjfxhswzq,694,461
rjcceirkoc,22,551
ncexbrgogh,169,342
tdhtfwxtwt,924,988
xvcehktoky,740,204
dfsebfetdm,164,307
kvplbiarhw,740,982
ipirnpkotw,922,177
rrmdwevrxh,324,471
xksfxtpzir,587,157
wxyguuswhm,372,214
lcvgejxkrp,478,779
agymatsskt,369,285
xxldphenjv,386,367
scyrahtdkw,40,804
czwozhnimd,429,949
lrrxtislou,291,377
jrvyizumao,982,738
xztayblish,440,423
jvqthaxnta,751,49
dwmmmnfdbo,121,248
xeqclsajgx,283,653
uukfdwtgfe,116,47
ncryzhjojr,335,527
oxbrakawmw,433,599
ertepoalwh,704,412
ekqttygjmz,402,489
ppvkjwaegz,673,909
rgwqdtirut,643,254
zdibxtkwme,439,227
rvrqralijg,599,370
aqzubwurrt,75,206
csulbkhqya,715,672
jozuopzgni,947,833
lmrdrybxyd,305,311
drsimnoxxl,734,900
nlzeocgumz,68,921
fhexlojdly,370,351
qampijfswq,204,388
dvpqbjoddu,923,750
fultwhvrtq,166,207
svtvsavtvg,705,70
isuquzphoi,322,146
etrpeiqikh,374,236
buejonzetf,993,850
kaybcpzbdq,939,893
dcjzyzyfbl,154,208
kpograzbzq,335,870
tgqubwetey,928,37
vhjsoqnvhh,907,169
xosxyvkqig,939,780
ntesgvtdvw,4,441
sbkaoctzew,880,947
fbjlstxkgt,398,267
gkdnlogdyw,470,319
tqeuxfejii,121,98
bobtfcmeug,15,811
ipbgxxkghp,570,510
lggcmbylzu,936,221
zzgiryedog,73,465
isznocjuhh,990,726
ppnvntberi,58,191
unoacemagu,470,683
ecmdkehigz,538,576
ijgisjiffv,816,964
umgdiugzgq,225,572
ploalwnpqx,176,624
exujwffiqy,606,427
dxdegvbxhf,737,811
lhngaeqeam,395,822
kzxkymzzst,607,310
rnmjmoxnwv,981,247
rlmwdcvgyy,969,552
wwkuvkxmvp,591,72
ujfomfqxza,48,302
oidjntsxtm,189,803
fgscffphsl,919,797
uheleqsufz,472,910
znrjoitvyz,743,368
imbhuoijes,842,346
mhzxiskmnn,990,466
dkuvtbfynj,752,248
vgorgatoae,389,945
cmrxhigwgb,455,855
wqgslfcvvy,988,324
jzpdzravid,236,533
cddfivvksi,419,387
frdogvevzn,348,624
xgmbxankqy,382,834
pmjfuntctz,324,665
xiagurbhon,13,361
hnatdvnchd,614,364
kmuddgdyjp,854,107
mjcgnjwywr,457,927
pzjrrpazux,872,425
zfytjndrln,43,678
fblbyjpuxi,590,682
wmdkvsfunv,229,664
bvrhhsgoqu,141,425
voweckcxxt,971,64
tylxrgonha,995,651
ztdeqmmrmi,671,579
nzufpysppd,957,291
vmbuasstin,633,745
lxjktjxsbc,36,220
wyingkggix,21,955
mprwnlrici,763,906
dvsrwpmesd,144,633
dvuquggulz,185,493
yjyqvrxegw,824,29
gvujqdbeot,182,507
axbiqqocnl,512,168
mlmrfvmrjq,620,856
yowekqqmwp,797,912
fuswhratac,205,893
npbdrasofm,887,419
pihzqszili,452,843
zqgnfuuzyr,415,844
lqmysxofpb,490,738
jmepxqqnnz,305,424
qklftalrui,206,778
lzkepghqps,598,612
wfuuoiyqmh,488,837
rhcmgicewb,64,157
vrrthkfmae,322,166
kxbqpaxpwv,579,404
zruhigmcvg,77,218
dkapwxukla,549,822
lhpzhyrneb,133,969
ltgzgdvqnp,826,724
dkjbyawdaq,145,121
eawqwnstvb,22,820
tsrsfmjjgs,570,192
rfmabrlujw,807,820
nfjmxqgsgt,485,572
xomsfwlzbr,415,191
ivzovytypq,872,89
onvgahwuor,474,134
syebgdlddh,966,205
tkgzpmwskn,138,461
sewycruiao,71,35
kicbhootnd,204,816
drwwpgauhd,360,322
qxatuzlgry,951,553
hasnjghsse,147,81
bcqtwhenhi,809,432
psklyvlkem,636,785
sbpoxydpdf,45,463
mqjdemcbpl,633,39
chynuvnowx,781,135
rvybmuekii,796,77
fohmbtaqrh,167,843
tuwbntxxwh,398,916
wbuaqbkomg,663,415
wgytmezmbr,314,560
xqyaushqzd,409,789
oiswcgzeah,475,391
zbmibpjmrt,353,686
eqidwyakns,844,311
yuzounsmfs,849,880
nndcgpbiyt,700,658
isdijmgisb,462,865
vsmeovxhux,811,969
stfsbmjflv,935,7
ukskqpfgvt,77,915
qkiiibudio,411,321
hkcssjnvdb,88,73
nwdompwwso,118,703
qwahxctxwx,244,863
qslmpijbfm,535,234
cgscxggrlt,223,112
wxwkoucqpy,697,657
slggwrdwlr,618,94
evgbwmcpck,92,336
pbtxboaovo,325,140
dxqdgqfige,655,301
cmysewlzbc,603,363
wlpztylmui,629,513
gpsprqutxl,642,293
mgvoxvvovd,784,384
mhsxckagrx,530,377
apmqcbrkdl,398,175
avovsozrcn,256,603
zdxjquixnw,975,488
tltytmlxqw,982,943
cjtdpvkntq,592,44
ezfzebooep,34,154
wikmkjeccm,503,708
xycrgxhnsk,297,629
lddnawmria,594,596
kaeffiizei,870,303
hbzhvwxamq,366,141
dqxjxyjomd,420,733
ndombcqaaq,737,502
heaxwyixfd,29,297
mgsjorxffe,405,104
cljzmyceqt,500,900
bnhtjpwjnc,378,116
kniunyivtd,270,673
ntwlbuvlbr,646,714
jbsrhjkjlf,185,55
zinqjqybzc,476,655
llefexogom,95,794
nkaxwqsxfp,414,170
zbhdwcnjzj,658,255
nzpetkpshx,23,140
ilxpiyybkl,740,442
hiecexgmrh,921,356
zzakkaedqq,483,454
lntzjdtzbo,408,619
aiiojropfw,775,232
xbdgpneupd,978,281
zpqkmgimna,232,120
twlfdlgsbs,163,20
cjqmcuzdvn,831,869
zwgraenquk,576,304
wcnehsiebj,536,596
ereebrvekx,784,24
dthlydndmg,913,836
ghqwqnecvf,138,57
yedhgmwcro,395,521
arxozwcbhw,871,142
hadpjyfoxm,835,635
gyzpgrxeit,829,717
prhbyvniuq,796,850
uvhtzceptk,157,260
mktfvqbruo,412,776
vfkouqxsgu,729,720
hunkkkaqhj,897,338
mfuccinvsv,821,291
vojqolqrcs,750,989
cgqmmajfgp,249,799
hqezzfkjfu,519,57
pcnjtdhhxg,112,12
nuiyrdlbqc,309,52
qijfvabdsr,720,235
xpiuivtdof,95,750
jgdvoqnzbt,198,238
yauwguixbf,294,796
uwvgtlxiau,853,269
rlcgzkzyjz,404,523
ihtgkrrnjz,939,142
zuerhfzxcw,122,443
artqbhhrub,224,224
vtrgojhsda,827,173
jtrivlijsb,764,645
dictihycwv,617,67
uwanxkfmfw,764,339
elecfdvncz,538,482
mwjepmgrab,848,526
nhikebotir,751,270
timhplbfek,915,397
astcyzmfxc,186,882
deekaujxdy,728,854
lqvlegtgnd,546,234
bwayjnvhht,430,903
sthclyywst,117,288
gptwvgicpw,904,179
wddesqmkkc,899,23
bgsfilvvzz,571,862
ilzmysvoet,738,622
npbcmhvmvh,76,254
kqtowjmtgu,97,292
vbzxbverje,677,175
miqljsrsba,901,172
kvrdtuqejl,868,394
uluocnexvs,242,710
xahhdvtmrb,592,506
btpbmxtmub,352,370
uratlslcsv,49,291
cgnvhrkrbd,163,186
hidxnhexxo,515,256
imoxatokqc,557,258
cekxobbmkb,206,121
xerhepdflc,107,558
nuykyaswvf,533,678
dykikcpuvl,242,496
yrpumaeljw,225,827
ytoninwzwa,733,876
gilmnuimgx,281,880
ktwvomfiyz,52,403
stsnbenzmx,368,780
utatutuxlb,923,256
bebuwhhlwu,362,687
jrkwerbpoj,629,586
qvkbrltfxx,612,570
zuslqxubei,684,950
nvnfuqtatn,296,996
knrtzmgbnw,775,335
lhltxbwqlb,138,682
dshxjaadfw,912,269
ktnxokpqzq,66,3
fbvuymeczs,639,736
byiazklhmc,894,278
xadsdpmclz,295,759
ctrboyovkt,771,162
hiijosznvx,604,9
cldbbsbtle,607,280
hptrcrtstp,374,999
jqxnqvmigo,966,208
iymgmsttuw,534,684
inaykizwit,111,110
ozszygusrr,466,147
kfyimltvoo,490,679
tthekyfqqu,631,147
ettyfpjuof,928,28
yslpcafkqo,843,408
mrqbnipqsr,751,258
rmxdewzopy,86,337
jfocrhqdue,81,469
lkuufhejop,180,713
pndhsiskaj,463,288
sglvcujqzq,279,636
psbhxanewg,311,379
xgjbjntgrq,422,681
swjqyegara,239,408
paovxjjrdi,933,630
hyyqyzbaky,884,826
zbujivcgqn,473,460
wcubhllkqu,356,556
lpwbielqte,890,864
pgemewasce,76,786
atvjevaqor,811,531
ukhzhjlkkp,871,407
ajqindnqtx,361,407
wysohmvnix,380,963
ozrbhbvhxr,543,342
btfngwbtez,906,351
cgdrwlnhih,691,936
cpdmxrgzch,18,312
ypubxqorna,528,664
snmawylqhe,641,292
ypojkkysqh,272,844
ppverufsls,569,876
udtwvcwoar,132,407
tqpqctamhf,370,32
pxowfxeypi,770,301
fxqweauxno,338,88
rbynwxhtrj,730,106
jpzyyqowwd,374,197
jsqqikikwx,486,911
wkqcxoyupi,188,372
msrbpuaahe,29,402
wbxqdsbbsv,463,131
gwdltzzeuv,91,696
vutfxnokht,246,226
qxeglelltt,672,450
llsotoiods,945,200
ohpshkoyuv,754,33
furuavvhni,288,72
akhoazsruv,328,255
eizuqlglyr,873,414
jempgplsmq,165,323
ytwoorhgzt,350,219
jbbdlqkpnj,669,425
xembjczsyp,649,713
vgtlpemsyk,344,548
kdpfignmxc,910,604
jmnagezmxw,258,560
hftodnvirq,883,439
cruprababc,635,992
oakaneoour,277,639
dpnxvlgjom,721,705
kcdlavjovd,290,199
xfhkvlcsse,687,465
woqililoon,942,720
jedbmudmsk,936,871
ahschtkgxp,469,995
xctntfrkvs,157,480
qykmblmbpd,852,493
swyaxkzlao,800,587
uauurbugof,156,567
bxxcvqliws,67,234
huptxigjkb,124,232
swgnkjebpn,217,190
blxanywcla,73,824
uxbehvhovq,968,429
aakzkavvkh,444,802
pxxyykdhmf,704,434
gprslfqfdn,952,902
gnaxjjhojd,971,233
wobouekjkr,591,794
ykqjtlkqof,450,37
liofwcyccz,521,91
wjpucofzgi,32,864
vzoijszgmp,864,12
wrkgwloocx,318,598
drzcbegpbk,577,434
gfqkarsegi,484,46
jgfqgsomkh,835,90
jrwvyythtd,519,174
mrbnpkzwop,133,9
dktiyextjm,844,530
oacisaxnnb,431,32
ecfxpfpjwc,296,1
xwscitgxve,312,449
wndrlpfzwg,474,860
vabqanpntn,167,408
xvyjgutwsg,647,307
vfvlsoprwl,145,49
lnwrdlrqgq,321,94
rxoyohzlif,253,275
vpalvtlnrz,100,916
qzzkfcdvei,143,207
moivkbvgnc,325,467
dtxmvuewxp,727,472
twlzrebdtd,440,278
uczehwbasq,804,984
nndusinejy,205,876
yzyzheldgm,794,187
srealbzysu,911,442
fnuikqeafs,758,539
opapukvyrf,33,510
ybqqevcsmg,434,776
uozaxzmhek,62,479
qoznprrcgq,833,594
bbcukxtubp,500,566
gdglsrwvcd,713,222
nkeerrmogi,854,323
zogydzqejs,159,802
eiszkfpfce,460,910
knoregeffu,163,773
ycrpuzbjdq,471,128
gnhcbqhkdp,434,399
eobqxtodvy,470,862
jwjhuafhvh,609,961
rtzjuljugq,911,305
xcbeujfeuj,341,585
xtapomjzzq,931,372
eukuanouue,628,925
mcgxpvsyye,553,331
fxcclvlkiy,14,98
blmfvdggwr,38,220
hvvhayvxrg,558,833
bfietjhrph,695,229
byavgynocu,751,190
mmyckefvaa,499,954
yzoewjngbh,933,109
vhtoowxagc,9,273
pyokvdwmra,953,178
pizuhskuyk,146,484
soiiidvqej,24,380
nncgalxbga,332,666
bwjjoxqdvi,729,734
gqwkprpnin,404,138
rxsxqjjpoo,737,531
hggmvuhfkl,213,28
zrwzzlbjqr,740,652
gwjcolliwm,737,934
lzngzwthbj,89,488
tlfwnxpinj,132,263
txbdxujpcu,683,672
fgmqjodyku,896,476
lpetobzcbl,464,508
mmmzkdrijn,82,557
licabumejl,831,566
wozfgaiutg,120,435
tzesjffkln,291,642
nfpjydmilu,403,752
qcmyfqnzbf,158,200
wadgrbqbpp,392,778
uzupubkpov,148,670
qjjecazehc,605,22
snevagmxds,662,101
rbhbnccmgp,19,517
ubampxwdzr,679,872
qdmjekmyif,840,677
xxtdqvbkhg,781,67
rvegtvjptb,622,351
snngqmzowg,807,543
hedibakhof,557,888
ueelahzmva,408,727
smrxjrdjma,561,606
qadrfixqsj,214,38
pslmpywlri,920,33
spszekxjdo,593,353
itklsbbgsw,251,907
rnoqjyjtsy,659,187
cxkwgdqpea,839,373
yscrkrgjvv,568,793
dnupqpxlvq,831,191
cyjtmdqczv,666,859
ckjbqccgfw,832,260
rritpkqxno,155,141
nkpzioufiv,242,791
ecwvihxthj,200,32
bpkaytpimr,95,926
azmqjlsude,951,225
ionwbsfvmf,778,705
addecddtjh,708,668
ktvpxwcqnv,55,887
rbbrzmcjjk,782,109
pvggqktuik,449,966
otxsgsbhll,816,813
hdguodsmpm,452,325
aizwwmuris,310,851
nffktoivac,905,639
bewyhdbcld,295,607
mbnvhqmjyi,928,741
vieifexnzq,865,23
eqgvsjrykc,230,137
bhiefamgek,781,381
qwvkivexey,732,987
sjzkczpmbw,152,95
lhhqcagevh,136,449
gjdxlkrvnw,339,521
whppuprcsi,835,288
akzycbxphs,703,401
qenjhcmexx,174,769
pgndrnkxxs,560,519
zwbvnbjsjk,307,625
zlzsbcfmpd,477,824
qdhnmdtmor,869,346
jtsvfxlinc,642,415
qyudawbrro,236,159
qwjzvxznim,930,288
jslibvgxma,288,232
kwwkbgyryw,915,497
vvqiqefmcq,663,690
twpsvlslsa,952,870
ynnaoyhbxi,277,602
ypusbddhpr,989,671
qtzgrnongf,409,86
tqkegmwjci,547,497
whtwfxgxsl,639,207
knzyuusfjx,88,511
qqjiwzjsyn,502,591
xndyhmwyxp,945,956
hsgewzoexf,719,27
ywrcevehdy,998,919
jcgklajiet,919,221
hxeudibkwt,66,82
jkvwzvalrh,226,449
hufpijbtvs,271,880
wmvppgetjj,269,217
vozcgeearm,794,545
magyltjpjw,511,903
avcpkhvgqj,895,532
wocktsezjm,132,110
tghpoygnkf,355,697
thibmnilje,983,5
bppfqhxomr,362,464
ggdpqjjjdo,874,666
omnjuqadsi,533,914
yiijnqootu,884,926
rqwnsgyjtc,649,459
karvweqwdo,910,59
uqbcukqvtc,166,962
rfutynhhmi,250,319
ckcghxxlem,259,630
vrugnncgns,410,50
mgmztpfuuy,266,869
baraiucdkh,481,12
ffjmqijjml,645,651
gbzuvmivnq,225,524
lrurqhzkly,61,852
ggiyepdthp,138,982
kgygrincmm,347,135
duejmbgjia,298,397
stptvherao,381,927
wtpbspyvzf,518,904
rihclshxob,598,272
hvpsgrkmtg,12,620
bofkhvpepz,106,68
mfaqvcygrz,747,158
homstjkiyq,740,519
skgxplmywl,801,395
vioiciijwy,325,222
frbxzphjlc,632,534
mpaywobhnn,36,104
qmwtxnvrfl,700,20
liynsteaas,989,927
vybgpepyle,204,199
lbehfgqwsm,431,350
rwyrtlhggq,547,517
soztnmhbuk,894,383
nuqapboszg,379,117
wmzkomhyvl,40,984
mwahmhwqaf,638,566
lbmzwqpwxw,272,155
xkavcmgsjg,961,795
qtusktidpk,174,240
dqxrrbmenf,159,910
gwmggauwnf,911,664
efbnxlfufl,790,648
vbuuluzmpm,166,239
xsyxuekpkp,224,178
xdjvbhrdqt,421,165
fnvcbwzkqh,881,603
urogmnipwi,626,370
emqkyaxknk,889,15
jfxwcjvkma,203,229
bfowjyyhbc,526,103
yjrvwcfpcj,925,657
zjgcntxqkk,32,851
hqdqeezzio,6,532
vndwkvflun,105,209
lmfgqvhenc,252,891
pbobmykgmt,95,752
rrtalcwpti,290,110
ifoksbwlzc,776,982
hbgczibxnd,279,452
gwqdyfiqxv,3,330
fseispznjz,132,283
eyxxbbskhu,158,726
wmdcqhlgkh,767,576
kykkyedylf,799,821
pjdrrbnyzn,872,390
xbddyhixun,267,925
bcoetskhvq,991,470
ezxvgzntxp,469,760
huajphlpqy,160,490
dvdufamodk,141,645
bshpkpnmxq,84,694
meoisedsgj,223,934
nvvleghspc,589,676
wborngicgh,723,357
bpqlgksqee,701,708
vuakiwpvzf,558,224
cjrrexlyzi,875,645
rvhzbwdffp,245,965
vpihvfparm,924,139
ihfisglluw,954,476
agpdrlzpbp,938,118
tzhqzcuzmv,614,160
bproncackr,83,691
nfrtjnedcu,987,618
jebflqznha,624,594
agsmngdzkg,291,410
fqhrazwsou,81,140
fermyuicrw,632,730
naatipwpsp,17,672
pbcispqurm,578,880
nblawzgzxe,619,649
cfgvaqspic,856,311
jgupftccui,896,455
tzhwahjjdh,92,515
osuxupicue,852,855
nhqzxrrkqn,558,144
vtzjovqbmw,252,128
blzhfjenyh,284,358
wfhurayjrm,6,764
msbfsmhebz,531,171
lceosoqzwh,205,480
vtnnzfekgt,350,924
swzzdakdck,710,33
emcwrbzmpf,81,201
jzjzbsygcj,380,44
yhyvxwnqnm,265,524
cflfuveifo,141,977
cattzeunas,579,813
ughjhsfyrs,751,476
vweqdexjeg,198,229
mucmhrcgih,850,336
ttbhgsmnvr,278,349
goroswomty,595,713
ktnqmbdexv,279,906
bhjdkfgkau,714,701
vtngwkjiww,460,40
cokoaqikiq,200,143
