id,email,firstName,lastName,company,position
630,uyqiotyjfc,wfesgorbyk,rrgrgrvbqv,98,eiybgjdyxw
865,wnmpdktwsx,lurgwibfat,hyedyzgsce,536,pwoefcrgsu
807,cjwimonvut,ichdpdmntt,mwgxwxgctv,112,xikzsayssk
15,yjloghgnye,xdsxhuekfc,jxubcaplrb,815,lqnltgndle
661,vdluilbwhb,bnzhjihtcy,zxkazvmqpg,146,txukfvgdjg
461,drgerzcgxn,cfuyqzhqmd,xxzrxqknhi,273,gbbfgoxjkb
157,nbmzyzhrka,zbrclbekxk,fsxoqcrijf,747,azcrrlmikc
396,mrdbdeftjk,ahhnntzahf,uyhtktwibb,479,igcrietazm
436,nfdaxudxha,eivdeugkyr,uazvfukmfb,828,vjoteybgls
169,dybkabkpfa,qjispyvvnd,gjyfkbxepw,422,jnsmvsdmbq
868,snokxjdjih,dddhpmvghj,xmuubwahud,133,aidlcmfkrc
864,reicusmkyg,qmolvlpkls,mdngdyukyi,580,fidctfpzee
920,jfuvlnsgwa,tcnireyhmp,uhpgdmwmnv,506,titsezmddh
75,jptnzmgoxy,nqjswmjxwq,obwxzpegiw,575,jkvolhnjrm
965,uvgocrsgem,pkdxnfzojx,vycgwgoexw,446,oycseqlqmn
11,aqmimnocbh,nnhmipquyv,twfxdcuelp,307,ajvvttcikp
665,fnphrrribr,zlzeltdcno,scwsvnymxv,98,ilacwuvwgj
227,odbswiemtm,mtxfavdybe,qmatyualua,188,jjpmoqxttk
143,novfixafkx,xxintkdcur,ulwqecuzgc,437,tktlclhoqe
411,stctyqicsi,nytssvnpuz,abguxurcwl,806,guquhzxaow
360,fftafwhzug,uydwenjtnx,ltxjwblfos,908,ihqwrnmabl
586,wmzvywqvic,ckupesilhw,guumfluktu,275,xncsjknomv
722,tyiktroaem,rarfcyatkl,mgoqggeflp,898,ppvrilacrs
297,cwfmsscxug,qmykjdjdpc,ekxfbcgqxs,987,dsvwfonlgp
587,nguevviyub,wwnzoucueg,tozmrubnuq,719,wpzdieaivs
822,dkjkvhrjsp,roqciormcq,efedaxqfme,468,nzdirfzxmd
613,wopigbysuk,vfdnvjhzeq,feyfilipkl,628,hoctfwatfb
220,kjirglnwwq,paqnayrqcl,ekiwocbvie,75,klkrmfzuvl
746,oxypxypcvd,vwaxjkdjpe,zwxffpfyax,156,yffdqcunwz
606,pszsqdqjki,myzpdcevlp,glfkbpwhaa,399,wiltvetfky
775,peixsehbfm,xjvpagghda,qxitkkojdf,363,cmlhujiqaq
364,grhpmyxgji,qvjpetnneb,rdilknlulc,572,tkhuoxfnee
204,wrxozltpjs,bjzgqkoaqa,xjitkbjexf,752,spageoloix
835,ubstawkcem,lljwbtvafx,zgspsjjres,740,zupanpqicw
337,aszvbqkllq,zqiesontei,uckburenos,341,dudrzxwaiv
600,tmtjdldiiw,qldegipqhb,covinagwfd,662,bsbypuzxwm
169,yugsdnupmk,ofwuprruqg,gsjvtejnzs,141,omadfgjaen
83,fgapwtblrd,yqxcrylebb,hkkeslesar,713,qyiibzpvfs
553,owyccmunia,okatlmocgw,wpuyqaocqr,292,blrulvstwd
503,ptxmcfrnag,emncklxlub,ezsormarrv,456,kxaahguoav
857,rhedtdfcbq,khjgdbtifk,ammscfdwyb,913,xfrfkfusay
71,thqfwrlopr,yhjcrpxhfp,laloakqgev,223,lkqlvwbfzm
360,uiaeuzfgrv,lbutvsusum,qweyxbzaho,821,odcklkklef
289,ruaekhjway,dqkhwcomgc,dxzlknwdck,91,bmvspjyfmu
266,iisvzcvhxr,rrsswarsei,oqzwhougnc,196,lssqobwgzv
310,sisoefslpl,qgiofefuwq,mgnwrspcyh,476,vmtmwskqnk
20,leuozcuwiq,tqpkzxmupy,hhgoxhkhvd,290,wupajzpytg
694,tcoazafhyx,qlpgefnwvg,uqtxmkzwgm,397,safhirgswd
749,jashhcmzbo,qusfvwnkho,micbqeoqra,293,plaeagwlht
55,mtdnaunpdl,ecrtaptcco,nfspnjzmjr,73,riqwowikeq
62,rysnjingkk,cjyjkpruas,vthxzzbysy,656,tcphhhtdtl
957,qffsuhbhvv,nxqotkfeal,zzvgihkvkp,358,ycmhhqfkhf
593,joultuekhh,jyxjzojnjd,zicdmtaspq,301,uorfpihauj
905,keumvthfye,zypffcsyxa,sddtgzqavw,260,jyggmkymcb
644,iycmblpauk,omsvsasnfi,lkncjtmysw,280,wepzdylhwu
702,acoajzwmdh,kbaimgrzbk,ymelwmougg,326,joxquxnofv
957,xphbtjimmw,bwmwrfrmpy,larumigson,353,bpfwctvcgy
277,rvkkrskhul,xrelnvrmzy,fxtasfvedq,134,lvaitdvfja
470,eyameyucru,ulidjwnlgc,qrrjvtsphl,49,aldcbmdnlz
167,vwksobzjzc,orflbwytgi,rszexzlxgz,619,gizshwhziy
137,mfcizzqzjv,vqrypuqxja,ctjojbljgy,779,hbdglvmquh
778,fzirdpozmp,wlocxeuzgd,glezoulvqo,901,atxmytzrfk
692,eioawdsgvt,hoetzedioa,zfaikqpriw,811,otqktwezpu
433,ukbdbawugb,yuhwelxyyq,uvskfvgcux,486,fuisxcitjc
869,zcjtrbgxxk,asaoqvqoae,xmnvlfzzla,905,xsfbpvpkgg
815,mgdukbkpmg,vvttxpdwpj,besfphbpow,426,bpoofehadh
597,hqgqjibxlv,zqpnhmiumn,dhpdrbizdu,605,gjskiakanx
51,cgynnbsszd,jzkzekzcep,dyvndeemxo,975,jxtoovbfms
191,lmjuhpyrut,remtmpbwan,xoqwkwvdvo,859,ahstdhgtym
364,pkkdlbypyu,bhajeeuszx,tsmaiyllpv,476,vaoerefjka
825,scyslfjurv,loffkrdxrv,jxbpvqspyl,559,njzdiptjfz
941,bslltdbtng,kqtzxxrqbw,savwsbekta,828,kvbfnwycxc
512,lxsiflfdwo,veewlprekd,svskambcut,536,auqdiyyfjn
496,ldjmapclgf,iclbwhzlyv,umletghnnf,346,fzimshfoxy
150,qfugodfbxk,igjsftovcv,sysxappwfh,384,tqriirpuic
549,kfixktqjuy,urjqrccoso,wgajilvsyy,924,jatmizksls
87,gecgvkcban,jcazhovndw,pjicimhhlb,289,avildbovrm
779,ttqqbbpiov,qehkkqjayo,yfkjqghufr,715,lgqhwicris
270,pdhmqquizo,ywjoicgcxp,gqyaftpagf,983,ywcgstnaux
612,fluzounech,wjhffsnvvi,rfvpfxhmoz,441,cikyfvntjw
939,srksvkahge,gkytwynldk,wwtfcnbtho,907,qzytrwiial
12,mfxlidbzsw,tjrzhprxqv,islvupmfyd,888,crenpmdlbo
807,ajvwecyawy,txivvyagbc,itmyutpppl,221,ihadqyjumy
626,ftipomucmm,vsqyhbdufa,xkjuvpekwg,720,kupiwikevr
988,sdtwudynve,suvqmpsixx,oloabaengx,312,ojnqwfknob
187,owmdshfpju,ubjrkhtupk,ykogxxhhwm,712,myspxjeyko
944,httrcdvtpw,slujizprwi,qnxfvaaqwq,801,osrukjkcrb
708,smucdybgnn,njwioglhjo,nauxeqrxqd,26,bzsgzdhazy
762,uwszbhfmjz,gpinjhtpuo,xproejwyyl,270,gntvlshcxk
856,vbtsvgfttg,sbdmcirdoc,lgjnoymijp,898,ckmkctntkq
370,nubkvneojr,figxyovbbi,vzfpukvzvp,65,jwdpvoxjxj
412,recysgvjjn,sjwlgaeclf,dimhduyxxz,894,kgrbvimfiy
771,iwoarftwik,stpmrwhrhx,wlivaospwn,861,oijmtapnyl
113,clirevjgoe,oujoejvzus,fattruvcvd,878,bzegwrfyur
379,igesnlgcsr,ulssgnegaz,owqhgjtqkp,870,mclvowxapp
408,wdkyzxeycd,kaualdxfgc,kfllpgkuoc,876,nrszbubjxq
168,uctbemskib,efbpnoyqzj,opnzgbagvj,212,padjkdefwa
190,agendekwwg,isqojnckde,iklhnmjijb,363,cogjcwxnje
547,fstmqbkufu,jutpvojqkr,ouukimzytk,752,bazypmlpir
385,ultryxrlhu,jazjmvrfzr,ndxlitkdgn,266,ribcanovud
528,xvbacisdwb,wxiuoqjwuk,haqulepefy,691,aiomkngzlo
391,avpvisqnhd,yrxggmwzcl,npccusapau,729,colmtqxeya
874,euzoandtyi,zobaxbumfc,wjjduunkyk,181,owojqpippp
37,plumglqsrf,pikofinmwc,xermguvuzj,297,qtiuxodbhk
34,uhswzcganw,yapsfwtikv,pwvcuvmcdw,722,yvewhnsewx
428,xywumytinv,ersmjmiklo,muphwyxodl,527,rkfybnypqr
136,opdkittkdt,pdvvsmuuuk,qfukmlhivv,237,bwnucprhfk
643,pxqrfpqcam,wcdlmirxix,qkrtovbpzf,809,mvwlvagznd
262,cspdqonohx,ipwerannlw,kxvvfufosq,72,bwegybfntj
595,tfyhhommle,xmvfipwdbd,pznqgvruqb,781,klqceoivip
90,phdxpsunkt,tpjqurwbep,katvenrose,792,uohzchxfxv
517,jqvskqhkwc,uhyosgosek,kmyhlytcev,311,ifrgvcprni
452,tpnrqmaxru,uwbvbvzpmg,bjptfbeomz,900,pwfuemaogw
357,jueaduyzdy,qviyqzyozg,gschljeran,331,bxscaebotq
810,ljxfxuiwep,faqixchriq,rahwddijlc,117,eyhisvahop
704,owjwzquoun,aqbtqhfecw,rxaxaoxobd,517,zpxhphldvv
874,lfrakkvchk,ydbwkprjqu,boejxopjmk,918,mptejvkkhy
376,fxirmfrhfc,vmynehggeb,vlstncqijq,535,zdkdiqeewd
87,uuslgyjfae,msqulszbce,epfkksncqi,435,novrgbsrxo
445,amolaracdx,xdjtsanoyv,svockquaox,985,gqfbmmuqwn
361,xwthsdipyr,fwlnrgputz,psiorsyerx,397,czgpgoqlnf
37,qqbtiroyhv,cmuonifxjv,nutdfuymvr,785,vrdlzkkycu
680,kbudmdzxno,fcyxrsbprh,tpoizmuffc,835,haldfrzouz
164,gapyjacmxa,bwelbixogx,zpdozrgjqn,788,jebvbwlxdt
680,ehnwoocyfq,dswfgytese,bovncvmxxw,305,slrcrtihtt
402,jlhwaygjjk,wyvogjkoot,ybnbbrgayb,649,kzcwmyjpsz
701,cxekbouqcb,hxqbejikjr,ebtvthvfgo,692,dupzcmjkmc
210,mufyncrlka,gmbpgsabra,hjkvxtwekk,387,ewpqeilhaf
814,lgpujuaruh,nwradwixzp,njbtayhwae,802,welcdwemew
944,xobvppdppv,xxjevrrofw,gtepyvohea,446,erkjrrtljq
356,jdrxwteibi,getfxvnunb,qqddkbrfcq,356,hdksbstedy
409,pituvaxofy,oburlkqtam,duylnioqhk,240,yechojbasz
947,cmdtxfjwkx,mthakncyxq,lzhfxpciow,558,tobmqawzcq
221,djlmiwqolp,ynkuczqyva,jlxtewrjlx,777,plpdpmqysc
775,gexmgrwrbu,strzgtimbe,iyrgubcvqf,141,mtoyqiqmbh
831,hbrxsgukhh,nankcuyocg,uufobuahhw,946,hloaxtepcb
454,kayklnlgwf,vqthhrmsgd,aziajndeet,238,mxjrvvbyyt
618,tskmyxfapt,utlnvvvwzm,izrimbnzti,55,eyhogltlkc
779,lzunpiqaow,jaxbxhhupo,gxlchqqkvz,516,rnonctqjud
12,binteirgcg,eophurccoy,ualgcqytpg,799,bzweisckog
776,opqevmzdxq,xpznhhxbjt,ljtqrobndq,569,wjnfwgquax
230,dkanpdvqjn,rnngemwqsj,qxetsfozpi,130,kjcdwyphat
673,ytacnshcis,myvaaclpvh,ssbosehspz,410,xvhioucyot
832,uhqsgyegap,dbjjhqdudu,bypiedtxwm,40,gsvdyvhlow
383,byxzabgfdv,lpmlbnmlsb,xsnfyltydu,599,xjmsmttucc
15,cwvmewnkxe,ldbbygeobj,viawrxnttf,591,tleaddpevx
121,pyrjthwkjg,eygtmuebnw,dtzlxjoiqs,295,oikdskgjff
90,cldowkqter,tdktdbyplk,nljlavqnhg,908,csbltsgwea
154,tzcmmxiiwz,mecedfxxrl,hsdnjqoxpq,942,fbfelxbqwr
559,qljdoixcxn,hfrmoapqdz,ojgdjxeplm,287,vanbsbovgh
73,wekjiuujst,mwcuifldrx,onvmvogteh,793,mabzszkjdo
737,xccfltawjo,ysumjyomtc,lzyudodcuq,51,jmtcynreik
299,vgfrdhvayf,tbkvmakhnt,kfnxkaaskx,694,eqqnsitifs
308,vgffjyutnx,tvtlrpcvfs,qggjeswxeh,762,brpjpkdnpm
185,yxltepnmuc,jspwpfgcds,xwtrtsnsyy,984,nmqlfcstbi
622,tewwkimdza,qzpskpotsk,rejgurcsyl,843,ibhugrroqw
191,lbddinhhgs,iqlwuprfxg,jodfssqyml,120,awsdjrxkkk
574,uybcydluzr,yzmeekfvep,nzlozzxcsx,167,eakpxbggbh
769,hydmzzwves,twlbstgbvb,uifysbxihz,452,uizlecpvpt
255,vaxqvkixiv,rmkqcjjyqw,nmcniztkdo,518,lhqgsrmbbc
614,frvnuudtsj,ypokfylqyv,dofotvtlek,818,jjlvbqgbcp
900,vfsvhhsvra,zzohrkjfgw,hjykjrkuke,228,gahhfwngto
768,lmctgfvmou,rrehergxas,trgbkvjdvh,12,vnmdsnicwb
179,utjngyokmf,srygqxxhod,nzhvabychj,849,ylksofhqbh
384,hwexfyshhg,bkkhzacnkh,xomwzepert,228,wdjkikgmlc
462,eldkpbnxfb,ouocaujwjf,ibpackxadg,715,xstuclmgir
157,xhbfsqvqrq,osyuvyopiw,ypqfqzxlxt,975,cvefvqrfxy
52,hlnnzfquzp,bbuhxgjlwg,wtyjvloqqs,205,lnsbqxlgvm
341,kfafmnpwop,hbbsdwzrjw,wljkbwpdzz,157,ufrbfimgfh
987,oqpipblpds,hpdjjldhjr,beytfyteoy,130,krbymorkry
113,lalquembde,ktevrjyujy,kvytgsfsoc,126,nzrxuhbbdz
984,ejwbrrdsjx,znedymbzfc,zqffpxvphy,632,srvkisxsxa
796,jiejrmzrkc,jmvhmtvxuy,tgvvtjhzaz,141,tpkdyzosal
171,udwroqhdxt,pzqqxmzpup,moavobvmht,216,uhqnxqqsdg
739,fbzonohqwa,smmvyfqrpo,gtwaqfobay,808,zzgsjnwuyn
222,lxaryxnyfm,agffzoygbu,jkpkpbchry,868,huxuhftrtm
340,nfjklcheri,evtayzvvsg,brqmfilnwf,948,ynyeobinwm
829,qjdscywfqo,lczoueagps,svikeobkqm,294,lntwpmkryk
49,jbdlzqtiky,kaxrlahqap,wqzqyicpbg,811,tsurjtiwxe
14,mbbxghfebq,zajlnsecdo,obiihanavl,606,styprzjots
813,csrimfdgpq,tsaancoxpx,jxqjhebrtk,185,dedwlwrqud
377,igyhxlmapi,gcklzbvjlw,mcxiurefrl,523,bvxotxouzb
813,essxifppxm,jgjninxcul,adglxnkeqs,673,orczhkmnck
823,snnynqwemt,tfeokbywjs,lfruejfgxp,103,nbywwaubuv
591,luuudmxzje,bdufuoqcxn,caxvnsznuq,579,sssmytixke
14,jeajhppltl,asfyoxmlok,vizksjdrrg,182,xdnshdjxyt
396,cndstojeio,lzylveikdl,unurgzmgpy,631,extjywlblq
354,qmrigklugg,dhymalizkj,mwyllqzmaa,70,kacjnibzjf
144,qodocjrkfz,elhdoujrli,fopkrhnpuj,553,djjsxynwek
252,onvctlsbmz,rbvnqnmxet,djipqripwl,63,erlmwhgxud
447,woclnuwwuz,llivboqghb,twddwfqijf,446,kdjmdmaccp
325,dbpyywzuvc,jbedenjoak,vayeszsvwt,722,httgysuyka
441,hsgjueszyl,pdquhxzkjq,xtauprtfbt,789,lueinkpuxf
490,nkadlaezqu,fbyhgnvhum,gxpjixsaim,197,iuepkhctup
918,xhzzrlceel,rolsfbyytb,hxmqxhfhkr,238,yeeuhwllit
697,yzrlsyjopd,erhhgfppwg,vweqjidaxb,588,utaregvcdy
705,qibbvnmgpj,ufqqykntuh,zclnaydijj,204,uziwacaadm
472,szpkkcjryb,bsxwpoeqpj,riduvvqhdu,72,cwrqjmjxrz
607,ttfvodyuef,whjgvrrfjy,dzlxjrhoye,13,ojgmgoyosk
539,mqdaydiwdj,wzequyzcjp,oydkzaotny,58,febpdkhvpf
391,mxfcrvlnjb,oabuovnszv,beznacnrtl,966,vkvpmvxdpu
326,czsgzvyycx,okpvpvgeqo,uagpuumqov,319,zrndahzxqm
298,ybpagwosen,snhsyietad,zbielqmvgr,275,srgobysgpn
725,gtsjnmzdwm,artgtifplo,atoxlfqoti,44,qzkyxatrbe
851,frfzrxyryy,zezqfqajtx,sjtsuwqise,636,huofnloaag
546,hihvhuzzih,rbtiooqtmr,rkbdxsoyfz,498,hxhjxbclsz
951,ocjwgxcoyt,tolrbxjdvf,pfbsgljuhe,903,tnraozyyxh
6,fijxqukxsf,oibwynufjn,bdocmgvtxg,562,vkibkmcwxv
716,swhpcskqoq,warqyphqlk,navkpnfpvh,524,bggrfmbpoz
452,agpeeaaddb,uelymdcxti,jwlvdsnzjm,800,nhthmswrfi
957,wqjzusingm,yulxthnhkn,xsccxynijn,58,ifjmknzyxt
900,cdiyqswpte,tpeznjqmwx,rrknrdvdhp,594,shjivczcfl
299,ynqouehltj,smqefznwhn,pkkcwhfhrv,710,dcefaszeuc
173,tjcaeiuksy,tgprbamreb,brfxjtnutw,793,slxpbidsco
851,xftcfmjihe,ddxmohgktc,aacotfawnj,371,wpgygpkynh
312,kjbplbzvll,molkvzesay,srfhswirbl,229,jotsbqznkt
45,chdqgbinsq,kqqssfqgsx,fylbjjdeoo,553,ykocpkgppa
962,mildtcghcb,iehwkzjjrt,cxtzdgbjvx,924,csmnuyanvd
226,vjjryrlipf,psltkkskkj,fpsdfoawdm,161,nfewboihaj
657,sxntvfamac,odnaqdubfd,yqpazxiqko,507,ouketwgddm
540,etqmwnmzzy,epzpoumovz,qvasidonqv,741,elhagxggkc
477,phthznitff,ezepcviutw,ymfydvkmxs,289,tpkhsjsrxp
80,woabknfbhm,tuvwwptihz,atsuegxyyp,491,espsbjjbfo
47,fvvrbprprn,ryzhzxtykx,wealffkksq,306,cclrbtccck
310,qeavvjimdu,rsknwyvyip,ienblojzkk,762,fpgcuyysco
931,fhjxxvuwxq,qfvfajafon,idsxtcsdtj,896,tjwwwzoguo
382,sueaggrleq,zuxevtunlf,txdhcwyeqh,586,flpiooedib
368,giltrsodjb,agzxmkfydp,ucfypsudka,705,splzvhyulj
555,aghncfsefq,gownfdepiv,cqnjpyniep,486,gzdsntvkdp
942,nlekzrizrm,ubrjheunyf,hfruqbtbyz,967,vcxulkcmxv
498,lpyhyfxedk,gbtyhfeler,knnxyaotmt,988,smqathpsys
765,iyiqsdnrek,tdrdifhcvb,fopojfxndr,682,fgizhbnrnv
467,jlkanxoogw,jytkcffiry,chkwbwvyfa,658,ilwjpmacrw
891,tglrsjzqjv,ebiojxwkfa,qwsgtnuvkk,606,wjahhmmwmd
725,ldkjmmhrje,kxlfntiqly,zewrusycaj,338,dmilnbwouv
750,kfosstoico,oxdxnfluzt,ollnfxhleb,162,rsovupfmjs
188,lcvwqvqegg,hktjlnfiop,xtowswrhjq,61,klsimjfmqd
716,xoxsmlmwak,bnppetbqow,fytwjferaz,477,oudavuutox
733,uszxfsddsz,zdzvflknwi,dganmhzhbr,26,pfeqsxqrrs
952,vwrvvgvlax,edyblxghrr,yhgygvhofw,98,sktllmmmdv
15,pmzcjcwclg,gdvnwxruku,ksjjsimfbp,974,cdpuujogxi
727,fjzyjwrxwv,bbadcypelg,vqqgzkytps,356,vixfnzpjrt
66,fhquvccdkl,qfpqdhxqyp,yjacwuwyvh,988,dwkzwuosci
829,sqydboynzy,kbcydvaihh,haatldvdvx,673,vyyxjywbhw
98,yjcnbhwidt,etqpzvqtfz,cxypglcikg,310,cnjbvwdqty
731,xlfcalggrg,txdpvbhrjd,goyqcesraw,865,hcievrursb
988,ayotszvpzt,jutkagufjl,ddmxhynsat,736,qxlfmbbjve
435,xibthdfqtj,xjmdkdxzor,pqzywkxalh,111,slmnpwxtgc
718,tbwizrvqzp,ptwygewlmg,owuskirchy,506,byzcuoeqzx
273,zufwaaiwih,ocuwmumoyw,sizjbbyzfo,13,njxkrcribb
994,mkcvddebei,aqnmjceses,gjniboyzfr,29,ivvcxyhnse
179,lemjuszpcb,mzhgphhcqx,qbmflqxxqm,114,fcpmdofgry
307,sedrtwmpku,fvjfppaesw,nwatyezdde,924,crgelddsde
920,sllieqjagh,akmbtbvabf,pxfgbnqouh,214,lfccafqeve
828,hvajodyzyo,jozjaudkck,eghffwbdpw,987,feamttrxbz
483,fdzcjofdbh,vuwxqaujvc,hbitarewoi,491,zrcwerttnr
614,euzamdextk,usxeycofdc,tuvuejjjte,873,cxahacnlen
71,uvbkuiucfj,lacopybzhj,icrejvveuq,877,iyxmebclmx
745,cmkrhdpigs,gihslcjmgt,ghzkmwgvya,57,fewusirnze
242,wzgsincsvg,zttvjtchqj,kurynnqwps,801,tjmayhetue
72,txrmfdpxyf,iownpcsnzt,thesddcbzn,739,vnypxwhwgb
621,uisxhmdxkg,scxztzkxjm,roqvwbkdba,760,utcvamgutr
473,tnrgtjthff,ouxvgblvbl,mxtofbzqdo,870,rithbyftov
538,hjxqagflti,elcrwsekjf,sizgppwwlh,980,uxjvmlujxp
217,nyiggehgab,vygzpfyexp,hhlibqbxmj,697,yjzssmuwdo
444,gmbivtjepe,ptvqamaqvo,qiqjpgwteb,88,pvpdlqvkeg
794,mxrsjdqfvr,icbpaahmtc,cqhrkrtygr,339,rzmljdxsbl
688,ddnxjlpaso,ajbhxxajxz,kjzmlsjnpy,603,mksgvhvouk
496,sufszwtdpv,lywvnjheas,kkipeelqka,721,txzwliwppt
760,efywtwsllj,uwvkoxwksi,zerttzvgiq,132,xhlypgjugr
22,lwpyfilydz,paiwncawsp,xdxehcnsmy,614,gmmvkqqyfo
485,oajsszbbyi,jcvzchfwqy,ocenfhcxnx,69,vuherugvgp
316,jdqwsppizj,byochaorvd,sphcmtwaww,435,aiemcrertn
731,mihjixqkwt,emyurgbmcj,ngdyjqtrim,315,qrvwlpyrxk
978,vjfevemutq,xftylnopzx,zwwsgxozyo,992,rjxcyyvwzu
496,xakzukgrve,hwabkphrbp,umfbwzqruo,402,wddtwpmdkl
189,nhraiqdiie,iafkhtavfx,yhdfgtrybs,712,rcxdjynvac
772,pzlunrgdtb,xtvspzbcej,jyjywzydog,812,rlfqcushyb
568,oaopqmstpw,csbcnwdgdk,jfuryvknem,271,nwslycxlzm
785,avxtpzgsww,jvtuoqmdaa,cibtndkcou,98,nzukmzbbzm
50,fdoqaxvrjm,jqxgnhdftm,idzrnsqpyy,846,dlcysabzfo
683,kldyetygme,oxelgdupgb,pwkfnjpcza,688,xnlpzcmljb
949,ysrtzdbkhc,esulrjpnup,pcwfdcxqmq,780,rbnqxdxcoc
343,aqjkhaokwd,qoexykgtkp,dstbeezsdw,276,fvubevhaix
611,jygnvjyybq,zlishuocpe,drnuciwgrp,508,twtubdwiwv
533,zmqvvhpilx,bbrhjhlwed,dxkxnqbmuv,486,etcmfbvmhn
962,fkxtyoaqcd,wpqjueflii,anqlkknnwp,245,solsfdfcvu
417,kkqoankjmj,izzmkppuzc,cifncczqna,879,eivyzkaccq
576,gditwsjpfy,zseoeczavy,tsbyrccayw,876,rigskhdzfe
181,uyzggfomje,zgnvcxbcwd,bmlbhvvnce,277,szlyiodlya
342,gdgedfmehl,xvqhslqafq,pllgszibbt,210,loujjpdsrb
903,hiepljbpsn,lhcwxzdxie,bhcwufybra,140,ndjxaphflm
64,gjwcigkejj,ikyautushb,zmznrafqwy,19,tndefqyxco
80,ohmumwfrdg,urarqccwko,ktkqzhnkbc,341,smtsajiwqo
801,aarljzaoxq,bfmpitsfzh,tnqdcexiyo,963,klyywhxysg
25,witgchrodc,qymaxmbxjf,cxchscgtmx,449,womplhgloi
850,tmalykppwg,nfjrkqbhmj,xrmylxcrob,369,xlvuqtugfa
150,qogoagxurl,vhnmeworpf,nldmarhhbq,765,rllszhjhja
170,egcrqxnewj,iyqzisoarj,rxwgmzcuzv,407,mzxfarjgqc
710,ioqdbacedr,inynjpvowo,xldlijblvu,366,vwpadvounv
582,vlpkxnmjws,inztujtrvz,gzevufpuro,479,snicbzuhfv
375,sehohzvcuz,smmwtdywho,lzvrppynev,509,ojraexmsll
777,cxqmbabmek,tyvjfbeslv,fvncknjgjf,150,uajnqllmpv
549,xinfksmtty,uitdoixnul,vpehqtzakt,658,xpbhkflqfl
675,dozwwwexni,mzevikwopo,wppxibqzwb,379,vaywqbmocd
779,imogyqbtin,anzzqevipw,ujesbpjwzh,340,onmtbzbjwp
317,rlnysszpep,rnovoawroc,zlqugoqild,7,kmxargdntz
382,qzwmwbrwas,brlhokvwnh,rsdnbeomww,526,hzrgyvoafa
794,qgugejisph,hurgyaania,wqufenwhng,804,cclgrxckwa
912,bsvhtijlqh,xtgjwcbtsl,vhzwnbszod,26,raihvmnlnl
670,yqedfutytx,vjazpaewil,oyfhmcmubn,897,pnalzmevzb
57,tearsdbjfn,brdanrvjlu,ycqqadfkhp,40,fvidfrywmw
128,lalpomlxzh,wkpdipnzsq,csrgfapuqj,140,ituhivnqgq
14,mnyidimxkc,shwgaqmfnn,wquykoqnal,494,zvjlhecbki
178,vmfsaqzeog,twfmjwnhad,tznjrrynjy,229,buqkkltuty
541,rcptjcwjlr,lghvofliwc,oktddxqbzx,80,eoxkvwlucw
815,azijrxzrqw,bxkwrnkweg,xrmdokwved,928,jpkscfeteb
86,xphoanbktm,tpsajsbvpv,lruggaofcg,992,bblpkupcqd
939,jixawcbnlo,fgfktzhtei,lhiavggkrp,665,cztfsvnjwa
890,cjgfpuupdo,rcdzennbsz,zdfowjszcv,830,egmfifnoda
237,usymslqxjg,czmgenkwrx,hnimfyoior,952,fdqaomwrnr
781,yttdadjcam,voebbqvkzy,gavgcrgtiy,159,pbncskejbk
862,utzngsjldg,hatuavlxpb,eyomdaivye,582,qxowqevhrn
294,fezxbtitld,hlvrqflqbo,ghajbnpkpx,489,uutrvkmdgl
658,vbhowdmhot,bhrfpgfmha,rhsbkslmwm,549,oerezorpcx
149,uvaqrsvajn,rihyliwddv,gbsiimlabw,259,wyjyskredi
637,yagnktygbk,yrlbwrkuap,hmtqaxdjvk,466,qiwznzewvf
514,ccvxntgzzz,lgcxvbhqcg,kkvhoqgotv,472,oqyusoupui
373,hgpcksdula,nqboidvsaj,ndglvprdmd,229,jobarixfar
947,qxvkztozse,tchstkcuqw,yhzsrlqaey,796,mqevrghuao
733,xjwrqxmxqq,fcmwxhkjia,agwttbwdtr,261,rrbndmhdcx
149,kwguxymxse,sqfgkirgop,cewdwdkmyc,684,ykkegjiutu
351,gjfitgllwi,mzbeyoqmgu,ialvpccaxl,863,wxcgcnybns
385,utriybonlv,iizgerpuue,lghbgaarwa,368,eskiylouia
919,aikucbkvuz,dssccrrvqu,uxdpiztppr,327,uoshsfhkze
279,dcnxbpssmu,ewhcnxfast,ymqbkjwpwb,554,jkqrkcgpxk
557,txtlomxrww,wdeacilzii,mxiqeeawgj,589,eyyjxlrnlq
492,gqeymyfflg,vighibjplu,oewtudhdyt,279,tmyznicyth
66,pswqtpcfet,hdueynrhuc,qerhxpnjmb,736,rsgmueghtu
447,aghvukihht,eqwoosrncc,uzfvmaoenf,756,yzlzjhvfnm
777,gzlbbpybri,kkfwhttgci,jrzmpmmadp,236,besjyixqeu
694,vzgkzatffe,amjnrlhegc,amzfwlfndg,770,wmlahvmloc
326,xhxegtrpep,qraorkfqup,hcokmnmgdr,38,tqkkewzkzz
572,xgulhodpoh,aghcnlzfuy,fqiurxntch,393,tmdutwsumt
657,qdubfwnzmw,yzvyosdbio,pyruxhwxgl,788,fzwydkjmpi
269,yxfemjxybv,bjkqntgmej,ztzrjlfhgc,46,kcvrysjlvw
226,lopnppvgaj,msiozibxlh,itbhqsuxxx,921,ofutktsoyg
798,btfrtvalrs,bkyprvzfhm,fqyefijfix,807,lwqpbswguj
45,gnpfnzaues,dyqvrzjmrd,aczstdrtlf,582,prqbjinuox
424,mchofzsxes,fxbktucuwu,fsqmzpaokd,588,ciypemzekp
726,zlvwlqklyv,dlpmqwyikk,uyfgzdevtd,400,celsbobels
189,ujjgucynyk,npoxzdvtvc,xzcpxlthfu,343,wbqbiycsje
300,howtuomasb,gcgsaowaiy,wrkfpuhamm,335,vtbyrefuvx
504,fbnekmmlji,usgxrokoqp,dwgufyhulp,300,oykzlwpwvl
609,bfplvkucfz,joilnsghpr,rpzvootsmu,212,sihmxiudbd
672,rychelvamt,zksohfjxok,obwlpyucce,248,rhqdhxfvga
775,nxkapvgves,jpuylikird,gcyjvsjnmf,857,jucsittpid
852,okjlwjuvyi,zocryahcdq,lxccruehmq,324,buzqwseoag
634,kadfhwaoua,wfbfgcgmyo,jidnwnzonz,652,knizswguwl
806,mmwznvrygi,oejmcngotc,jkbovqnabs,42,cojeudoyqd
459,cmcbzpmtcv,fixrmvjocc,yyzwtljioc,762,xjlvylnast
843,rcepldgfro,pngbyetzrf,azvxahrrya,5,puxwgakxvh
122,ilzrxrqyol,oabhekikhr,llgmozaybm,830,ofdxuwrixp
376,usksesjsqw,rbjmgxkpgy,yqnvqvdpdp,116,ifonfuiwpy
994,epmeyzccwz,lfbdthdohy,rqgyygstqd,67,bqolrzfiqh
13,nhdnsuljas,amrtkgdkun,ckkyixgivq,398,zdixircnik
519,mporrqdcmu,ufqoydcaqq,smutnxujhc,668,ssjwhbcxai
212,hnizltcuix,cpilyivhvz,ptbrumazee,501,aullymvqvk
202,fryndixnxk,uxsqykwubh,nokaeqxlzs,729,erlcqogdzr
993,ftjknsvrwo,wurwmweypq,hafwyzkvgl,661,awgdsvyyhj
66,jesrwdfzyw,tvvfanscdo,ekgxlladel,795,emrxaphflv
306,guzapokjnt,ggyntbtgvd,mkxsyasquk,253,sfwiguatxo
307,srjbmojyjj,wurdzfdddf,cyoxvebkms,797,vhvupuhzfl
230,wwpgyktnkj,iblwraqsvm,ngilcocseg,340,hlxrbibtgf
801,ymgqfodive,yzesslijwp,fquykplmbv,204,yqqzaajcip
289,pniclenngd,fxunxdyocv,yrypyyqwsn,676,emjkdxruqw
140,rpjhkzmcvs,cqfnbtnien,giohbkolnx,951,xxbazwxttv
22,bphlvtfzjc,jvvcbtxzny,hxufjfftou,577,iazofhyaty
605,txszmjalgc,exnlfijhdc,gvumcumyny,879,orqxhytfoi
562,fxrlukfuxb,ndimpqspqw,pxwibavyjx,249,uqszteecit
733,dtobmxdqeb,wnjsqfxbri,fjyazsjrhy,694,qdnuscwgxa
934,rntkxqnyow,mermcefqem,sjsctghwya,347,layzarnxac
148,farenudhrr,qtvaktcjip,cjawqjsohi,114,jsywvoamfb
843,mpgzolckec,inrskwmwcf,mmlwuheqaq,843,vajpqswpal
854,iavxzfwfgr,dltyjxzwrq,xrgaktesvb,105,lbfavyhbhj
206,atayrwcjuz,pwpxczxiie,itsmxrwxkq,611,vahyqadfbb
118,ggzhryypbn,umjnmespoz,hfvmgwcpzp,869,pzkgpmbjau
700,wpiofmhbra,ohoduguqhp,edvjcbyrld,394,ijbinvayla
630,kdpbavhyhp,pbokxpnqol,pkmzvpufnu,872,mqivcmtbbx
990,orxeojnluv,uoeynpwpgn,oejpbkcatx,784,vfutaonhmi
123,aiilhnetgh,idlafkpdkc,hdzzncwpus,864,vwluedfcks
21,norhdsshtt,ynwwznkals,aonhwcagge,350,llleizpvlm
628,yfsyempfdw,eoaklgkkiz,tacgshpplr,67,ndccxfkikg
509,kefskofhbc,jmpcekmnhy,cezuiuhbef,961,gfwcwghlrf
658,qnoohkditk,abmljbbypx,xwbeksskrw,298,srnqxyrgoa
764,bvvcxlossl,zhntcbdugf,jexfoihloy,886,ntsievqvjt
872,tyjxlpeffc,susscwdkph,vyzduthfhp,856,sghvrmcdpz
803,omntqtuncx,vdpkupvveh,zvouibfqed,686,lqcwzbhsss
906,wxvqrkvbhd,wmgbweqfqi,abvfswutvx,594,djjbjohawg
43,ujjylpnejk,lkuungqdqu,mzoqseoomt,618,nilpkwhiyw
441,ukpcupubll,fmnfenjwpb,dvqljkbbcr,928,yscqvqcxvp
951,qgqjspmhwc,nwyltukeiz,smdhaflfpz,974,ouqsajcbba
292,acebwmqeth,kawudrrjgm,chosdykahk,449,ejphkpznzp
175,bavkckieud,avtqckgkqh,ekepdwzovx,704,itjsaxrrkn
559,pbrjfeaggt,ccgqxmazoi,nsmlvfcedc,970,swvchpupqg
474,lclstzhioa,ulkehsuxrc,mmvbgnoyza,361,dughgptwpl
735,qwwktlsefv,nxconnqaqy,ncjmddgdqn,662,fjjnxcjczz
513,gmalhcngjw,zpsckgfiaw,xykdmjowlk,2,jqioyekftt
298,xvbrtomrds,krwjgtwatr,zlxwqwfain,581,didvipugji
497,vwlpurvoxq,ucochdtula,obwrtlxkhu,638,jtozvipryl
113,prhpqxvyvi,uvdkmroidt,qvrleuxtib,527,gydlihbwaz
368,uyirxysfpu,rmydrlnbyo,qwyksypnbx,93,bfhmyhlrxy
984,nlxeqlyczl,ovmhqghyjg,ppmcnzbsvs,945,rsccgijast
133,mjyxkblkae,fxmqofzejf,eoamxrimxy,765,tveqjmqzki
164,mdyazwvhjg,mrqfeiibjm,kiowdjcdul,534,cofoqbbbfz
851,bkibdflfdy,ztwxaxzpzp,wfjxruqvep,601,msoujtsqvk
666,qvsilnmxcu,yeuhnyqqfw,xrmqddyoqc,221,fuwfwnhkrg
6,pvpkdsmjsa,jdzhdhghzw,krplrhzuyw,277,fqncozgbft
77,odlopwazob,zbvcqazxry,lltucyglee,192,slyqkdlzbv
819,tdehgzgrzp,mxhpjmfcps,tkkewzdbxg,967,bhnddsseeu
815,ryrmmsufej,dpwjdrotrg,rsbsbghtdx,714,hyqkibfipo
378,vehnnkbtkm,dvnwpmmdaa,opgypnylfr,454,tcpsvdhjjj
437,zxcovbxgar,hmgjkhlmvs,vyywsoqpta,78,bkbzjiebbf
62,kqxyndonxl,amwburgfgy,qxektaevup,581,bydofpgfqz
415,wwoiirflda,oxjnaexzfx,lwrahownrr,101,nleacsneyp
810,oytgqumcpx,ufeachmalq,lnmbsdmdru,184,easpeyxbik
492,qmyezslhwk,nsjjppsglr,sgopkbnfml,880,fskjdiqrui
228,wymwqyeexp,qhmqwpqgln,rrxpvzxrwu,748,xdtycttlvf
456,kjhnxuaxyp,gdkrwjjims,ztvqghkbza,64,tqotrxyoeo
300,gnavdmqgkl,spkwflhzzv,pwrvspcgom,825,nkmoavckxz
360,kiaylqnxxr,uyricoqvkt,ozfcdhxeiu,916,tmnquheqvv
348,dujtewmxia,udhilbuzhv,grmulkzstu,393,ihjqzbgpbq
826,ipyhqqswtw,aweoibafdr,jbnefxuzvk,457,mgtfiqiubn
225,cgmngcgbnu,hrceyaomme,dddgvohcok,593,gdgtgbfwsm
825,setbspmrsh,ayvwgjijfz,kdzxfdchwz,498,rohhpbdscq
767,mhhfenjyvf,vytovxkhce,vyppktbjxu,998,zsxegenqjg
270,cygelwhlmk,hrfakcrfme,fntbtwtwak,688,mwgfpiixjg
847,nrfdleiupj,sdbuqjeupz,smdpzvaqzd,64,nfkubjtnbn
239,mkiyntvpnc,mvtxjqfbpb,rsmspkagdv,522,dqfvddwevb
611,bxvvoivfye,wpeoppukhy,lsbjnjeeix,498,rsltnpsyze
770,bpgabngyev,ireglfmwwn,bwvlwkemqc,53,cehhtjytco
407,xwsvqkmctw,hiealqryqe,bryogvmqgi,62,cochtgnrrw
137,vprxtivang,hgwfxconru,rbonvobhpv,67,pciyxptqnd
1000,mdqjrjkwdw,wtzqmudwoi,xgqsrulcri,147,zeqfhmueii
62,nzunkokjzy,npxggcnwuw,flmxwvezet,158,xjfgmylfea
263,cvcmkhlewz,tdfrsolzuu,wfhpgurlko,873,ngbzeiwfbm
974,hxndylzxef,sghqhozrro,resxpvfltf,268,abfrbmneir
470,dbqghfsnut,qyywwvulzt,ytnvajjecf,210,kaprygfwse
793,naxsxuutov,zahqkiazhy,pstkrzexig,852,artjdptfcz
616,zifirkjffs,xjvwsdbndz,rtgfktxgmq,146,jqhrqdtzim
479,pxknnovxgm,bspxwytrin,kocyxwvrtb,814,ycqgqqufll
964,ornfkvznid,qfgajwdqlq,almhojprnq,54,rstwdyiwng
563,kirokbidbp,uwtkidktdn,ghdsyexzrk,550,hpwieudfwf
305,lkjhezzmzw,npcpkaebek,wzmtuayipl,295,tsxeaikmky
83,tczaolxqdm,kmrtamgpmf,qetakumqcj,936,lalwgtblmo
121,zfzpjtfyhk,cdonnfbovh,eapdwvofqe,807,hggzhdmlcc
292,xsvmqomusk,naxhjiuycu,mcvvnifvlv,467,qaomsfhlpc
97,mlasemhdcf,vrlxpjebbz,eteppbbzzk,681,dncksvzkff
40,itkieivyqx,koehpwmdmc,cjkirpdlgy,680,ayvzmxaywq
981,ojeiilmlcz,vcvtnmecpn,xwquftkuym,515,xbycrqvqep
907,wfdkvfhrcl,wqljalscpt,doclddtbbn,819,nmyvormumk
799,wsqaciqenp,yfpiqtnpkz,hpckfhduno,486,akfrdwmkec
56,nbbwstdrmb,gkynxrngeq,pbmjptyzwm,320,vyqtnrgyws
344,ndkxfgssjk,yeyriiwcbg,sokkfrpkac,819,mwhwharaby
246,loiousqmmo,hrmttlemlv,ztontmjczs,965,hdgvmrlmjb
948,uwicagwgam,qkgcwbivbs,sgwuosvntr,831,dadhzkclto
456,vfisjdaosp,staudlasbr,fdsbkzbcku,77,garrqrzugf
745,uggksyegci,kjloxacttv,bvjfkgjiye,870,jelzcmypze
911,kkipfspbng,vppcawwmki,scfyyxbtvd,106,qqiquzugob
479,dscsfvoggj,mveygygkns,brjowalzkw,226,argjocirlg
289,jbzfwktqca,iuxejjseuf,gbfpnqqglg,376,zsnqrijlpk
344,vpvnjnuvbf,ocgolgtmkm,adcojjgruz,820,znenhhqnfg
621,qufqruardm,dwkzzvfnmz,outmyfxkei,151,pcxtyroxne
375,dntdayzuyb,hixbyxuodw,sirfpvbuii,720,wtbyqyitqn
803,uldrgxqnzv,svwdhyklyc,ggdtgcqtrf,56,wqkxkxgcae
891,ckswaxpuix,jcfelsvhxd,dinhzteesc,156,vkfmxisycw
686,jiatuobnnp,uapsqimvxh,wbxdxqzztq,30,xnfzpfkknq
460,hcdgybfyln,ffciqqcerm,pdaptkfyyn,608,cskxqwohdw
499,vxpfbjiald,bqihcloemj,ixgvlgmhjj,565,wodlgzfheh
955,rlkudoqruc,cahyzbrvle,fbzhmxfvfp,389,pqpmodisoy
170,jgbuytlolw,htmuhaudyf,gwepfnrnbb,397,xaoxinohlf
149,mygbhhxaum,isflflvndc,xbfkrasdjn,313,acaahtvech
868,gnhpvblucn,nmafkkdqmd,nnflshquff,182,cjjhocoiuj
271,cfuxjwuvor,keqshhdrqy,obccudvyah,320,kulauyxqfn
290,wncznlepta,kvwjenxzow,oilklsbple,532,vwynjootfa
586,geidtmmtst,hnqueuxixu,pxtixnxeuf,794,aqaougtbiw
410,pkocrufyqn,ysteugdaia,vqjwipmpiz,939,thpmdnizrw
543,dmigmdapub,dlsvhmcsax,hqnperdfwr,138,rsvstclqoa
44,cuobhqemnq,qkztwwtokk,ptczxytchw,299,dttnpchivt
226,ccsvrvkgxd,ddrtkinfjh,ifggrqckxz,636,wrfsbttght
543,tdayvavuuw,dlodwfcstt,iyezfofbew,731,tzrbeuexuy
978,gotzvrteer,zkdmlpegzs,mlqqhtqltb,365,rapzqjfbss
256,ozwpywhdol,nymqridzmd,iyrtzvqmve,736,asuadtlzvq
701,rwqvojdmke,rbtdkgctsq,uvzlbjlkum,550,vjwazdztnr
202,xzctnntwxs,bbebvgizdw,tqitzxutgd,374,britjfdbpc
775,vawxzwsdre,iueefxgtwm,lzdoputhsp,792,dkzojpwpbz
949,ugcfzwwslg,myrzahobut,yeyztskvwi,580,fgyleaghsj
11,lzrvumqlpp,bolnmqjkqc,wshrjqydjt,31,agpdohwcps
234,aecjqhvtwo,cqanjmsidf,ptbzorkkub,667,egqyuwfclo
622,bcdzficsga,cjfzguctko,rgiywghqjc,265,sxeklflbgu
787,qdsvgvgrum,smylpxxtvt,zjlromoxxw,861,wpuqdvgnay
778,iozhiiidlf,tyaqhptyap,gjqubueaze,575,rgdmgdqmkh
614,yumooepvis,wjbbzafcsv,mihijbfslo,993,pmgluolugd
479,ycrkbxplnw,ajtltavvuj,zoexrkdoyd,785,ukxklphdxd
834,vkokoqqjoq,gpkrpcwuqm,hyeeugbqds,220,muaftkgenz
810,uqfmrimzkq,lcmzzhzpuz,snmlluzmed,517,ociudzuhmt
487,hqmmtbsltq,tvaimkgmgz,mplczvljdi,393,iesqajwdtf
857,sdaagzytma,zgjbzbmzwv,tdzytzspje,607,ykrubmyjtk
264,rmxlnrrbnx,jvwehkcrli,rfmimncnkn,472,wimdubdgbb
907,onmcyeqqlr,eiqsvqhmpi,obsddfjhhz,817,teohwuiixb
507,ykldsskgeb,gclecntjtq,eeulagyqjw,345,bwimyksrra
819,xvimdtfcsw,pmesymhckt,axqqiwlhah,491,kryfafqpvz
598,dgctbqyvvn,chyqaheual,rxaeniwwlt,169,jyulrjailq
485,rahzezmccf,lvejbhlhil,zoqlpbpqga,154,aptvgddwmn
443,hqrpmojaij,saspibumlt,hngxsunxhk,945,sdufgeczdo
894,rsumsbotic,otgquoghjt,kmzusuqpjb,876,nsupzkqbed
547,usicezntmx,cdwvgsvhtq,cejilxugsv,53,cmhbjzqwcr
334,tdoecvdvut,flecqpebof,eqqozzpasg,336,qlzpzwllkh
909,rppjjefrnx,nznxfcdmcx,zoxjlgjgwv,361,yqyvzsqahh
744,aoduskbkwi,rmvhntxggt,uwjhvvexme,841,gbwufiapok
38,rzqkudstnk,qsmgcqphbm,ethwcezfyx,757,zlsktokcth
950,qckjmkecdx,waglwjftkl,njsfjcnenl,466,omjszvdghd
697,jtjdzrbisr,nigeqmxgjp,wpzfinanqg,33,tcuiaeqhhu
9,zsvqugscyh,nhpyanfzrh,hbfrnmcfxw,290,soekvmdtvf
255,uafidgmzog,ypjqqwjfui,adsamxmwsw,616,ynmraiyoal
742,kbroiubygv,mgxcumsccl,bqyazayjlx,976,amefcdrmkw
727,gbwsdokbzz,hszmjuicsi,fxabckabzk,175,ogkmrwiqyw
408,avqsradxlc,lxcaqzfxhp,ljbxzzzwxs,135,iywbyoilsb
766,abppkxghxh,sheiqmlvuu,onqdasjzrj,165,zhyuzguwck
507,ezyemhlnhf,accilzmubf,wgpxdandya,386,omqmtjqovf
358,muumsqwpjj,xtzacwzouj,xbzdqxkczh,75,sdmuiqotqc
894,pcrrsmqewl,inthnuxwyi,fztfiwurqh,119,hgjudwzhip
354,deozuthdiu,brvqeyftko,rjixygtpvt,340,micynxyvcn
303,uilcnivodo,xgcdqvxctr,rtjeywuzwi,750,pboabejvjd
774,kkwwkygrxl,yjdaolvjjm,yoycwsmxup,812,kylpvafkej
953,npvnvhdiow,efmgjdgjmg,irvyypdayr,113,tgjxgmessz
993,hawuqwhqwk,waqbyofddx,htdptscsyc,948,vhhlvrtfjk
695,pffucsicms,inbyrjutyw,ftsbtshruh,956,emqivacnig
382,vuplbvataa,pjydqtbbse,utidoeawkq,651,eajskfbiun
729,djstaphixt,czjgtonheo,xbfmcbuqqc,29,drvxyflxwa
173,cupwbupnmd,qthjjnshpe,ciwhxnccfi,789,lytogdcerg
229,fzfpupebft,vhdjdimuwv,timopfmahp,564,jdeirupixk
573,qtapgfergp,wurmwnxfgz,wnxzlohuib,79,sahvuktwed
726,uzzqpxqzij,morhajlftp,liozpswlqh,627,dprtlqiskm
173,fjfgckahdx,vlzxyatpth,vmagntcxjx,143,nvvgnqgicu
575,ujubettcmp,lkytcmyyrl,syacwrmlgo,926,atwbscvdof
748,jjiiiybsby,lllenibxwu,ldrdwclrgb,63,yzskgzmjkh
326,moqzzgxcvh,fhitntblta,dnqhdiznnt,586,aqwufmychd
535,pbhvlokklf,ximaxudyca,kwcdrannpm,993,vnpljdnrxl
676,pzngorxraf,pqvarowxay,yrnmewjfro,368,owiwkznbgo
89,oedentosdb,hieqdjruxv,vcqecptqhl,490,jqhsssbdww
51,byhrxrvmpe,zbnxypaztz,ojmwbtcyba,674,kqnlimdbxf
427,plykiruedh,mlxpzrrhcz,evgbjpqsur,650,krurfgtmfy
221,rcasreevpk,pcchwcyspo,vszazadauz,131,wdqyrdgqcv
357,fsjjjpcqeh,jvtpuqcyvi,qtsezijjlt,409,dilptfvhrj
90,yzhmezrsxu,csqsfxffij,wwieshojks,985,mqgovcwtaz
66,vnxrbgvuak,ksuqwingbf,avxeliakyz,394,odgtnuuete
809,auyaolzzgn,tsmunubidd,zoygtojtdi,805,corjncveay
998,pdrmllgpxl,xbcbbkcsef,dnixirdhsx,882,apaiuzhmqz
412,fxmjshgmeh,orrulygmya,sfbbqpodct,680,sfnmtmzjdg
874,kwhvgabots,murmwuuzqt,miewtqhhxp,592,dptvpmflhs
631,ukmzltrqrc,ylcmqwgmgw,xnflypkmxv,343,updhpfrdkg
813,ilbybxgmgy,nrawfxyury,dylqagyjuf,877,woixvcckqz
640,llaoebddde,bccnlfnnon,cymfbzssej,782,papzxgrisc
50,arpszrujud,tfcqzehnxh,bqdewroyio,532,vhygbihrhp
670,mvruhratzh,aixslmlvxa,fnzionehev,695,pcxjsmmwcp
344,geqacikekj,zdyuqnjnax,rzdzshmsze,594,qlkrrvpqtx
373,mxuvkjhrbo,cnugkksdjk,mlotrdbqjf,771,llxzxcqfrl
652,pbfzwjxsah,cafpiwczkz,xortlknvyx,30,tffypryqas
63,zsmbkhtyyc,nonjsifekq,uzkqadcirs,974,mqggrgoedt
223,zypxmacozu,uupuscjcsg,fdkrumtcre,56,dputfewnip
603,vdvakldxky,vtqsytqqwh,eunphdfbrx,542,jgqgdqgjnp
117,zglshskexm,czlbfyghuw,jimsdjrrrm,85,pcoxluifuf
537,xlemplgnss,ztsybtjdbk,hofnujpsjj,946,ikhpmxvuca
650,wxaydocyre,ihuwztwjmp,cxbwhwkkdh,23,ainclvxfnd
506,ybtechdxal,rhhyahcqbg,ksgjgyrwpc,718,xpivetxzxk
469,pivgghblje,iivzvmvlom,thrusfskxw,136,cgueebyima
427,uakoryrgzc,biawegfkam,liovulopxi,652,axzivzgexe
168,lcxbfzqgfb,bsgrkgceul,qudlvgylwl,830,brnphukxgt
809,aoddxgcywp,vndejdblkm,akgssedhfy,515,qpyshvzugw
365,ltubgfusrz,epntykqwej,klyrmtvjbz,735,ruyhvfsope
597,hscatlnkne,qtqymiwlei,wdzrvrtosm,499,qdiqrqgihx
681,tperjcgock,bllyzugvay,shxkiyjtrn,541,vkzhherutq
736,hxliubmwax,smfosqacmq,cyvmbwmekt,349,kxpojnjlrr
211,itdyqrqjsp,astllowzzw,qmilpfpfyd,505,nmwflpprkd
78,zvpdryliiz,enkbvurlxn,fkjsymszzl,462,grvkzsbvxv
396,jidmaxkdrk,ubgfwdcwsg,hgotqaqsnk,59,iacvalhmzc
174,shhlclprwh,jbrzueqvgf,pjkwajpynk,523,qcoqunopkh
278,nfapxrolbh,khczcbafyo,anxemljwok,822,yqhwpngywi
334,updrwbvudr,hsxuxqgfyi,aetoghdxiq,860,hlqdqmuiwp
848,jcjqakjvyn,bgpwmwbbay,snadezgtbt,248,whpcfkrchw
562,bgssxkkprl,uzarxzggag,lwxnwyxhdb,204,iqhnsaoevf
992,rligpuhbat,bqnafquutx,krdihyschu,966,opqnywvomh
540,dhmjkedaex,fmcaqmxbos,rsnoljfvmo,126,mgyfwbntxm
558,nagzbykgym,zydfesmgjw,yokctiplhu,170,jwummqdpua
780,dirpocaoxp,mshvdcdffg,yyuhdninxy,497,jcgagygxnq
446,wktvyvousl,pzwykmakjc,rndgzkqjog,823,lozdswkebh
944,kqqrbbhxgf,nlwqixgzml,hzfzbqripi,35,ucbislhmle
268,xuljvqhrbj,jkmbkyihlh,iokgiassly,59,mzrgbajlqy
620,kbmkvgkyev,bujcqsmlwc,tsdnjhlztq,288,doevwqgizi
768,kmefugqall,bdnoqfewey,eabnfrvbcx,963,ofafonyojm
570,mwrovxinna,iomxxxblnj,vuntfslgzz,970,hjfehmqdpu
155,qhoubxqhxx,fbfehuvchg,ommnbxzmfy,544,avhscyyqob
48,hqdeiyxhpi,oleqbnpxxs,wjtcnkolnv,281,jqcjtjuxnt
543,xdnfhsvkbr,twtbxanprz,dprtwjexpq,134,hlalopnbtp
728,mekeglxobm,xjthxtvqog,qzquxlruiq,67,obigmjbmbu
209,gltqccfymw,vnmfacpjzv,ukmadxbstg,802,gknpvuvqgg
762,cawdcpbfjt,hkwgnjsknn,sctvkcnvnx,211,ddyaamoofd
361,sknojyxmgt,uhpssslpzn,uwfeksowlp,707,bavqhrthqg
90,rhanefjnaf,cbpfkmvoyf,zenzyiqwzc,61,jljllpgjvv
326,qucpegcbry,jqaaytommp,dcusgnzcvf,185,gqvrdclssb
271,swaxsddbuj,cmtszgnaly,bsudgznwqz,423,ageayyetfz
565,rkymulkqpy,dcqdbilgat,xiphjwbngf,7,hjftosiiiu
184,hdzctkvdmb,tffzlavijb,lecbyyqcqs,952,jiyddurxzp
722,tvtsnseqbh,tuvgryjztx,qddiwidyri,763,nzvtdexvqc
736,towwvflzkk,daeewvuoba,jvlrfqbkks,203,mweldwionx
925,dtsppwzkjq,pmrvpitdfs,vrvzxhxtmo,403,knhiqfjkgm
642,kihxerimvt,cclcufqqtj,iohruoaebj,643,ftidwglvgo
437,qhnvxzrvbv,ynupxmosvk,leqsxosbni,984,yzqlphhyjy
76,mvlsszwmqx,cwxwvbxzea,jqsggrwvgr,703,vvvnrocewo
382,tnumcjdhkk,ajwqdabjrw,ppebjtsxce,189,etodsufmyy
550,jdbypqkmcq,ioficfxqab,ygfpocrfgc,222,schauezmll
133,dqvpmdwkho,ykbxeaxalm,mepwmxholm,200,wydlxfufxo
802,pavzposgvs,ciiwmoryji,coargbfkvs,139,hsvvavosxc
272,ozfitwxzrg,ymjsqsuwyz,ttjiwlppxf,350,ioedbzfwae
101,xsyvaldyoq,yurqexoqoq,tsivpdlvqg,552,ssqrvxixnj
66,oxnmnkxygp,ftrfcujzom,ypkazokvcp,202,fwdtktavvr
643,dsmkfxkcvk,faxqvgnbid,lvkybtwxyn,653,aswnxgftoz
540,kmprhcddqn,xcbjwqurmm,eulunpflni,237,oysflwsbqg
69,lpvxjhzoac,gsewsczhdb,wumrprqdkg,857,xjsqyqckfh
611,mqklivcycv,rvylpligtf,jzwvomvgva,741,lpvzpysvez
997,afoodwvzmu,ebnjamwqjj,kzfgvwqiru,79,kdkalgmerd
831,nkzjhczdoh,rqegmsjdud,rxqdcohjrp,866,uhjvdczfls
47,njtzraqdpk,gzzzopakfs,lksdlkzmrx,969,iwujxxdbms
305,twuiufhrqq,fqlromzxpg,raistlrbnn,578,uygrkncyjm
168,hbqerlqezx,qoqublpnkq,ijwzjslweh,694,yoczrmcdfp
243,rujmwjeruz,hrwrojfyti,vimpyaifuv,275,yqyfjqqwyq
49,lzooqcedmi,jqvvwdqeyo,fswwjnkpbh,566,macryelvhv
139,ueimnnucnc,opiiiccxmq,blhspvhhye,856,jfyhhlyied
468,iutzslzabz,uwbnmotpig,lbiiqgjhtd,555,skthmkomfn
830,pwcoevpjsu,gccjdjysii,xojyftqxcr,840,lypyahnaas
228,sjdobwigtt,fgqhwsratk,zftpsvjnvg,400,eehcxyqilc
375,wdofynsswq,uuiyulzamw,lzadycupaj,350,ksrvdistxc
567,wxocfupweu,btrcizefqd,auwzukotyk,309,bwzbsktufy
120,tbsrtrrrzn,fcwpjhxovl,kiwrbammjk,170,araqyxwbhg
662,cgafpezhwm,xtjldlwwaz,guvogacagz,304,rylhfcaoxi
79,qmagggqxfz,xcpzqezjoq,navttjeuvt,275,epymdwdzsm
50,iovuzsrjkj,gtvguovwvk,marunyxsux,115,hwanmwedwb
545,sewcclyqmv,lsscsufbye,dwehkcvmrd,527,gnqvsbowqq
360,xlhpnemczq,cyclbctdej,ppwastkgps,947,ltvhdyixrn
224,mqmgduafge,zqowsftvdw,sghcfrdrfs,63,eascbnbcmm
621,miorofjean,zktspdkqqh,zuufeukdfg,630,mivaqriwdf
879,qyyubblset,waxmmmrdzn,krwwhvmxzq,975,rywqoiyznc
600,esczvtphiz,pdbklggboe,sexikkukua,730,oprmbadcdb
875,bquulxqyvb,xspbonyjwe,lbmjpitiox,523,rhjwhdxqlg
909,cegdxbcuel,dzubgewuoh,trfiunotul,468,mmgqnacweo
427,rewqvgrwhs,gfiqinngjo,hbnalhsdau,33,ihsgfrzket
951,jnziyhqxrk,hvsdpxpebf,xoifhprxdr,493,nyredqxdti
456,arupztlnry,yqornowoqk,wwuxlyhlmd,740,djhomvjiev
876,cyooyymvru,ugxwioocvb,ehlxqxxlrg,421,ttgnrjstvl
588,firvwuyttb,djewcaypht,uqubzjedad,789,vnsbjypxjg
348,wwffzkszsh,wgbfwoaekx,sornrgsyca,874,dopilhqzrv
301,spumaxkogs,qjazgwyxhu,mpblnianke,651,kwohxtquoz
745,xymccadvty,qzbwfhiuso,bumkqnkfit,960,xvvrldetwn
945,lkhqhxcyqh,nzdoxhswbo,ejzuhcbnes,3,iiqgpzkkjo
806,gshaxtivvt,fwcaurktnp,wqgnteozat,306,scguqzxzdl
370,hpsourmtfy,fcacexgopg,qxzlzfokoy,559,yvoppivzca
874,cfphkbhigf,mhwddsofop,cvknqcklyr,558,vdqywyzikt
890,cqwdsqvqfz,btvatohvde,imsboimcxa,722,pvnavwhhzp
741,apdnbhotsc,vhicceoejp,vgbzluzpnp,915,gemhrbatkr
319,rkjwtuqyzn,efnamavovm,wgfzappqac,848,qcjbbdtwem
664,bddloggjwv,vhfamjckvm,fepdfdrmgx,637,cimhffwdov
535,jfhoqvsxmi,lahjxcrjmu,zbrzmifwzd,969,blqfmwbkkb
1000,rklgiixykz,vibtznsxiq,zfhsgnlwoz,678,cqoqnxxabf
371,suyaubaitc,wxbpdbyowe,hskziwesla,941,qiecxpylvf
202,lxixezsopt,ypupzvbvia,ihyybgvifn,301,dataimztom
150,ahlijiwkoj,oxllqhllbd,mmderwzykr,359,gethefolmv
478,sfgalnwlei,lgabgyidtt,qawdgdgtub,602,fuwnmvjtzj
285,thcdstdkfb,kdevrvllya,uxmwabmmuz,166,gcwhvbbuxh
367,javgahndfj,forczueptu,mkcpoiulpj,958,pxwohycbhw
976,yvqcqouiwc,vdntbhcwvn,wqzftdqslv,814,qpvluxviuf
257,byxqpqwajb,diunsvvthy,fonpqcgyez,798,bmbezjodhd
486,oakhveerps,iljdkbswtk,dssnvvufeq,809,edtbibwkgp
248,urvbrmpqby,rwgsgptofr,cxsynlwylg,407,nuiwipzsej
252,xhagvxjapu,llmsokznsy,qmutheldrw,379,jcrokskfna
501,kfrdgudgzx,kfgzdmykvo,wbnkcehpye,657,iroquwttqq
869,vvbnkzmmpl,bhmaaeffic,odolmrcrhy,864,zarprhgkas
59,powxzjcvmz,ixvnerbqqy,fqdenrunrh,175,dvtjumsyxf
265,ipjijkmhpw,migzaxranx,fuwleqyzqn,223,czvvvjxjwe
965,ijbnznlsiz,zrerfdtwum,kxibnawyws,404,tfgdnbmtcn
784,mzkspyceqg,gqgbsuleov,zbqyrbuupn,192,zqlebtwpdo
192,dxjniodzox,mvioitalll,zjlhhctydl,350,vfrzdtuwit
439,qzeysqzpig,ebbgpjqbpd,ijrkbyrxcb,728,atimxbhxxi
134,isloijxoys,fguvbtatgl,cdjhiasqsj,190,rprucxupgh
417,eicdffurmb,difqumifqt,mxapfjovxh,827,cxwjgrptvp
391,hgdtyyzxoi,qbfwwujwiw,tsjgbfecfc,380,hxuruqrknl
677,hugbjmgjje,hngdsejpak,trteevesor,95,jcwhrfpjih
120,ihqeveudhi,inuxmkmhfr,pagcpsmzjj,446,ccaqdwxuei
653,vdrdneqhcy,ejllmogdzb,ykblfydxbo,182,kgsqewozek
846,nukmejfghj,huzvcqgami,futgfcmxii,472,bexjheofyc
524,ebkyiklbmp,znerlvehoi,sasidcfptc,347,fcnxvhlidg
251,sjoicjmlht,shzvajexiu,lmnqycmoxe,476,qfzaqrkvjc
373,sfexwexbja,gwmqvftlii,ygxkuduuol,946,kkfqesfjru
103,livbhembri,euxfofiwlo,zjurgyhaha,330,pyhhvgphge
913,goiruebvcx,vxhfgiaxwh,rjaomoumbd,667,ysdrnqoslw
38,ybtvintpel,fgdqzenrij,dxrofdzspc,783,pibhtoiwoh
873,wetnwlnfut,vwgqqjmzhw,wdxtisefok,511,jadpismjyh
143,lzylibdccu,izvuvtdycs,qhnbhwdvmj,872,dlrhujxpsl
86,etikrqyzon,tztgdnxleq,afiuchnyyy,463,pibrihuvey
777,onroiadubn,iarwpymoif,snuhxuqwod,670,nxowcsrzzk
39,ggbpbidatu,lphdvaaghf,xblnklammp,491,ofdoclissf
295,qlhbtfrrwc,vjflccyoih,uqluutxncb,59,dzhnyfspkv
961,jxrqaukxzp,cwnlbfafgs,ztvobisszj,239,xolfdqxldi
500,fckzpynfwa,oteiyyrezd,rmgehyrwst,443,raqdimmisv
119,newlywyghd,dzmbvuioqb,gcagevaqoy,822,vyrbfamtkp
950,tqpvxafnhf,avtxdsferi,xwfajxxqxs,90,bpberkjhkd
114,ogagzsiozo,dzockdivdp,bhmoyycxxz,266,vhltjrovtr
685,mirufmwphp,kpjqncnkuv,orksfpijmn,754,etnyphmmvb
585,iswsuwfmwc,okygxcogew,jtufcxzklm,560,pkkypawwbm
835,ralulvhoyl,qfgoqizrop,lpridbunor,557,emjgrmxlfw
17,ugpvtvncnz,naqdnpirad,feddolamwr,135,hkqjggqtjm
324,lrtllxhsts,wpytuemlus,vafjogclfz,454,sajzhhpytp
500,fipkqopewa,epevkojcsp,czxpivsstc,488,vkonsdgeob
710,xshywyylzc,evbcszayya,gudqizfaql,595,rjygjbtzql
292,gsfzenbkwu,vpnggapyfl,mcjqghpuae,853,zbxpgezgng
794,ehqlpemkxw,oyragupimj,eefujurres,620,ulpbmcppre
567,nmhymfxctj,agvzekdtyl,rulmdfcght,909,yekohjuuqs
903,uehmeokipn,hihqknnejy,ifmvgfwoui,531,jkbfoatybn
884,adpcrrfguj,aweueixlid,ngnewtqbum,806,kuoycbbzpu
428,cvglzxxhsm,edmgbatrgh,tpjfdpczww,876,xhcubfbudu
875,gqeqapyjkd,fumxbcqlit,tortjhltrv,16,gdfrnsmjuv
197,jnwjziuquz,nytrpwovds,ljuiilzfta,221,isrxnbonam
176,lqtmomuigk,jykjurbydh,fkrgefmjto,15,rqbnysqlhi
499,awwofvucgr,hpymikposq,rhrkjcmbwi,614,fdwwcncnor
831,mwmjjsenyf,xmrfmosnaa,ednnmydxae,7,wkbwxvrtqj
192,nepwmdaixx,ylzrhjwyvf,ymutuayebn,625,qbpwkkgrkv
855,tydzkbvarq,fcvijprphm,exbqusakva,80,pfyhhpvcqw
295,srhopypkzt,mqqvhchxsc,inkecehhba,225,mczaikvzas
873,fkljtwxisw,emoakhwbhb,dcmiwnzzwk,667,olclaahudj
983,vxonbyeklx,togqejxzfs,zrjtwgdbmg,574,vbcazfusuw
865,ezqzuhkzqc,shhwtprtjf,likezghisa,226,mestvolfye
471,bbczknhreo,tshtzobzod,potvjarqdn,990,ueofsussik
370,iiytschamp,nzjftkxnfi,exhigwwfgy,714,syeysktebz
177,rmabjtegmp,gnejwpomst,jrlyvijxos,651,kboegqomor
61,elmrgbtxyl,pyimzswlig,mumnoslbre,131,bjummujexr
745,msevtcbbhs,actppwiscc,uskcumnaht,914,akcxrzpdso
370,mltwtooehq,wgyzcryydw,lpmlvbodwv,61,owxuzlweqp
422,ialuamnuwz,kwssonpcjs,blkoldouip,448,gqpxszvguq
4,yptoarsvpx,gjflzcviyh,ghhcgvlqdn,835,nsdgoehhdu
647,jvfjfhedli,ojtuunxris,fxwdhuauzj,854,aosxzmdipm
791,glwwqvetnu,nqpmjgdffx,wjlsnfbwfc,242,ttgeompzkx
854,flviwlryiz,wwtxdtqckh,mcogtiargf,245,uexbvhjidb
971,ludewknoxi,mdgxabjfxg,zvrtonrkjp,353,vdobhrxrbh
607,cagkgpuqkp,fqnfnrzkgk,zmwzaidrdv,178,rcptkynghs
689,uefptefiyj,yaygoprzqb,vycidfsyrt,617,uqxeuchcee
743,rojhfxmfnf,nvnnoedhtk,cfxwhxrqvz,369,gihyskavwh
68,uglvnispom,hsghowoxus,idlekcggvh,621,zymwlitfex
144,vtjzdhurtg,qxdtkxeqfw,xztrsbqgts,460,befhedblzj
880,wcyxvekvss,ionrotceee,lffsfclphn,10,qlhhtcuvsl
555,fezdyxzsja,ofsliqsrpn,ficgxybqka,20,qqkqirqkov
749,xjemqhsitz,zvtbxjeosc,qdcnxjuzns,463,oersoyduby
883,jsjksfbgkz,kkxvppawym,zgwxytfbjw,437,mfclzxsrlm
251,jhpofjlgqq,simmgaekgo,fcdcedjefe,852,jfdjnjusvw
367,mwxjvkqoef,ztflxqppqa,bsjifrnlei,60,caxnrsilys
6,obymwkwcvk,kcdxdhsmte,odnhpenrsr,877,igbfilnfkj
287,xdtkrgihep,xykozrmxqi,cazyrugpbs,579,gpcipdicga
298,rdupfobdqx,awgemjovjf,ngcplmfsmm,783,xdcnvkujgy
996,qqpvicictb,jzytmehcmm,bshmgwaahd,707,xgawpwsaet
423,yavszslrft,hyetyrneeo,xxtrhbpwgy,336,bdmpleypuk
443,pxqwedipzk,jdznfxjjku,ygpaqbckbe,311,zxrdpuduoo
484,jvbczsvdlo,sgeuaunhcq,zakfvbjdou,706,wjdjeethes
1,dydcspqngd,ybseqkkggu,xnibjcmiog,822,eodqkafrqq
470,uqkjdunwqf,szmatnahgt,ayruboupha,567,lqqinvrjfg
606,iwpwyinlqu,jqzipzmijs,qpnykcdnoq,855,cqdbacksqd
257,jnpiwweloc,jvjygimlbi,qudkzfbpiw,60,hxbbwldzdg
925,vsnplemnkc,cervbhpyqj,yedkqghpvw,421,xgvqvlrynm
908,vuaagieieq,mwmwedzjpi,rzpdilkoyv,225,hhxdpkzezl
449,jzivaoszbu,jyompfncgx,zgrzmhhdyi,524,wvgrqbczqt
111,jsyttprguf,qhbixabrjk,bxbxbsqpjh,350,yttgxdiizz
697,ejexdzzwbc,kwpgsesswg,xrsdzkinyg,737,nvrobmzuav
855,flonlxwuud,ntjryfzmww,rxbvzejaip,334,emqljjidcm
179,epjwhkspxh,hixabxzgif,abufjatrjg,829,niegaefyhk
72,dpxmhdxwzy,wtsyfjndir,mfzdfmdwfd,167,oesvubwawh
587,cfbdcreied,kbsznfwihq,yoqbsgqodm,448,hzwhwopeyf
976,ltkcpmeluy,aifbsuksfi,cydnvhhrmk,758,famrbsphtp
283,fnjyfmhzwz,ghrarrksfp,ggceiokxma,280,buigsenfpy
938,tglbvpvlpa,zdkvwxugph,xxkengtskh,13,ancrqqxjrc
443,amnrosyjkj,qfiwgdqftq,lvauvoyaeo,51,dhebkpcbhu
142,vaojrzxrxo,tphgjuipdt,xhqfqklscl,823,qlaghdnczm
417,prpxdzvslp,kztkflnjjq,dlpplawepg,175,pletaqnsbn
308,uhijvyjnid,xyerlrspua,rvuknbtfbs,625,bfexxpwbux
952,wdzsgjzpcq,irdikidfza,itljvvppvn,352,dikzfgxmrg
921,njqhlncpxr,pkgzcvzimd,aezyaegiub,746,gnykflkjhc
100,tlqjtmtbcr,bttnvyrmyc,dmvozrqopq,872,kwtzevuove
518,zycebnbjva,dgfxojtbmb,lhmrwzihwv,923,gxadbwbtiy
619,beoytnkbta,betmfxerum,wfxolltsyw,254,uffxukjmpm
111,lzlvhmstjs,opyicioyrc,clmyeddkjw,102,tpoatpihjq
820,hftndbzmov,mfdtvbesqb,emviftptrg,579,cgilnnawtd
392,zqxdzhtque,ysucsxkynm,sneckyyhpk,625,oinyewdrlp
378,hxmlhoryfm,rbygsbkdeg,upxvpzbamh,215,olptbibfzr
641,wrkfxkqvrt,emrhwdqxgg,brrzmhnhay,202,dmbafvydyr
681,fndirgnppt,jdgdfgcutg,ngfxotyhcl,663,liqpthiqdo
354,eezcbbzbcr,strarrkcda,lwcfqqzcdt,915,cbhaaxujnh
909,rwcbxotrcz,vcjfmapggo,uszxuzzmle,376,ilststfmfg
317,ryxtqmgler,trlwxucidq,slcftmpufn,846,qwqhxukcbm
241,bgbjcauriy,dnuegkuoth,uktnrgptio,147,oqzdvtcsrk
105,cczhehlyex,ybotozpsga,mvgzykljtf,49,ermassgwtj
364,uqrilscdls,gbsbhdjbel,iqovvpqyvi,866,ozawgkznag
597,tqagdwghcy,djmmxsgwef,lnslakuokh,594,vjtgvanmpa
76,pfaeolnezh,qaesnxptwz,mfynljitfz,961,agiduawkxn
896,xexehvbwfj,ugbxlcagnd,shtprovime,370,nbswtmjjno
230,vsnhtwmyzi,jjxqbdoxjk,sgaiknneya,652,bzowboqian
926,ayihdwomzf,xurpqwrhzt,jadvafxyou,84,sodvsaeqes
482,gwskonsmfh,heqjjyhxdf,aofeeeskld,29,xjjyxlhpun
835,oyuxgjiwrb,mdjvfitnwk,doszfzaxej,638,qputzocazk
354,vkbwjubcbu,iesjnqiklj,xgnhzmtgsu,790,hlritqhbnc
168,fcqxtqnypa,yzcukbxnfs,sazchmjykw,949,jortrcjiiv
859,bhrcjpasik,sycypdmszb,phskqhwcvr,906,tnldgssqew
876,uaklpsugyx,plfvhgzgwm,ghpzgtfjbn,196,hamhngvshz
873,nltgmedcdq,kycqrqxkzu,klircujxwy,30,xosigoicab
115,cnlisxgxqx,saskbblhkt,datiexahsd,468,qtfhhwcnzw
997,cgvwoquzhm,glqtworefd,nyakzikknx,876,hmaznkznmh
882,ouozxcgguk,uuhgrzdsdg,skximiunrb,619,xefnampbhm
233,vjmuhedajy,jfxgwhazkc,snkluazeya,838,zgelidppic
687,dapedaqdhq,lelglxawar,spxluvzjbo,504,qberwtesst
584,rkwtjlinjf,eolmvmbgec,ygmgfwrpot,102,qnlzyxkakd
948,eegdsqerrs,hxoocczeeb,aswthkgjjx,412,oidjcxapmq
818,wwahdgwpim,kqqsedpkkl,rliabryoiv,587,askkxdyaib
187,wnyqvfpchn,uueeomtaoy,ylrdircrrc,681,pmcrogostz
293,pzziijthso,adeqfaagny,umwziovwns,277,qzradetykx
433,vigidfptqt,yrdqvwsbdm,cvudkijraf,861,wallxsbwtz
539,qckkquflmj,hkgtkrqjdt,dnpbmoszvy,822,sdksdllzbo
574,oeefvvhhla,qtqxfkozsc,tgwnqctpsp,887,clcqlatpxc
801,votmbyhaar,rhcggdemlw,gmqanlzlpn,873,psparbluev
402,xiucaievro,nciqtpzzbw,avaywlxqlb,455,zrxxdaxxdd
77,ekslzycbxo,nlsquohant,tpjunxfamh,949,yswlogayna
344,roclzgalhd,qujtjmpsdw,azhtmbngxn,496,wnonipdcrc
669,hecdrcrase,ecjfxojmtx,oylfwtthwa,298,yjixiuhfut
245,xjoehguivj,pmbzairtxi,farjetvfug,120,kdevxgxbeg
662,ofbtobakel,zhbypxyqzs,kxvwocngbm,258,yrqnnenyye
664,amrioqsyum,juzcmzkdty,hsqkhdeugo,637,sutbynibyr
393,rsjxwcczer,zfyaybsyzu,jxpnkmlkal,176,cdsmpjmxqt
954,ugxsmhtgua,fobjanwyqf,ibgiuovgrp,481,gdbpnjvafd
46,bopkxpibjo,ivdlorfbea,ztpbdvzaug,338,tupactwgtz
750,kaiunpnohx,nufsasomot,quqtpsusar,13,wotiaaiqcb
20,qmuvdvioct,pifxpbljag,olkldymmzf,345,qcmnafwwxe
617,ilcqnuguge,bpotyuufkp,oxjflnrygx,736,ctdzcuimwj
292,nnrkkwnnyi,zzsafnwlrx,qzybmezkti,374,lpfknuaudd
98,mjounnuzpf,lvcqppbqjs,fuuxpfbyii,543,ocswyxwlho
188,nljqtjqwnj,hljubofrpu,aogzmomnku,845,ccqfltbthq
697,ubfvuzvril,dcpnffnxmp,jnbrjogbqc,613,qclfecuhpa
393,jyixozuxqt,egexlfhgcv,hxpueopijx,117,draxnsovox
339,zyepficyon,jjyehiqofb,qbmgpcuama,883,oxjaejzbzb
803,xxuhxenjck,tanxtzsoti,rthbqypubm,740,aggsrzwzgr
530,rgxeqoaubq,upgbdhqoaz,hzmdmjhwku,464,hkyezpcgwu
763,lzgwinkgqd,ceyexzextg,dwxqgpcsuw,982,fjvbsbzxkh
344,otifsvcjud,ghxrzgmgbf,xhllottuid,761,mdxpuvskdb
407,diqqrsxroa,zerqsomgtg,ypyuabgvyg,86,xsuldrqmal
115,inwcqjdpsr,ugikfyxorx,xcwzcbrxfr,416,bqnmdpqxae
635,idovtjqlyr,tkryjpkezf,cvfpcizwkf,682,wcrenxikoc
321,qqkmoluzby,miwyjwmqpr,nwocpspbrh,743,dimdvtxhns
999,rkfysvyfrc,wxbpfapcfm,ddjzzawpld,697,bogisapyzf
492,dkmsitaejo,nmvpabxzjv,ygxkelahim,756,mtmwenngdl
902,ochjnnycga,rycxzvabke,tnghokwgrh,671,euwmxtnvdx
901,buypselcmx,ssbcyxedzh,ecskilkjgy,438,xxbqomeibo
212,psgschdttn,aafnuzbivl,gkeaoycoba,454,azhzyxthfa
380,kcdxzjcqxt,weebygxglr,rgsnipidul,181,aqgqhgwcdp
998,aknlpdxmha,wverilzjqj,ndvadytlck,765,mvdxljyfdp
692,tqyjtusnjk,agrbsrkank,nrhfxljwhp,69,qfgejxnepj
869,qojppflvqy,eqowoyjtev,lwfdxrovvh,427,hgpzcquobh
42,zrvdccwamn,rorughckjl,qtgnybtuez,482,asclldqzci
922,qhmugoftay,wntilorshc,npzkijymhr,99,fxdfvzjfoc
126,fawzyinhef,maaaxvmzns,qhrvevqrki,411,ndevvtckau
761,vrjnhenslr,tuehzfkeoi,lldzhbelia,113,kpruqklilu
199,fkounhcbhf,bcppnoydxl,qahggyvetp,401,tqhqoaivrr
600,xqlxnlzwjf,ixyzlvuggh,ngyqfjpsft,810,pntzjmqfzu
689,gipxsykdhl,ssvfthbmdd,lczcacffhw,560,wpzlxmrxds
839,vagcbqjnro,hgpummmccd,xrtkuicbgz,767,tnjwovfiju
354,cxacusfhtx,wmonkurcxr,rxqcphsviz,524,aqvcwgccqr
801,heaaajbted,qhhnmostgz,fajlckmppl,640,egjudvizfs
766,rhuxqumftn,ulpeiyffgg,wvuvhtkmum,380,ulgndspdnh
73,kweqizxgdh,wbjqtviehx,uuocngnjqw,483,fxyhcwjink
337,yizmaujyau,bpxkjbewir,mhvdsobuhh,376,zewasfnxgd
396,haoojbvtmm,xwewsvuotp,jpefyswacw,118,xvxqqfczwh
324,sawfetfisr,jrndjyvjfh,xkxkfxlzyp,613,fsvihppheo
27,ajtmpgdcdf,xfbrpqzkce,qrjykbqfuc,807,xvbgjalcfr
525,ovmyungstl,siouiclnys,mccgxzhlxn,879,sycrhvwpom
913,viglkcsime,xolxzbbytl,yehnwvbgqe,985,oczfwxqbmm
195,cbalvdbcnn,wgihzbnbmi,oxakwbzgmp,812,tzubmggrjy
895,emnhoakqpf,zykmnqpjdt,ubsxqwayqz,385,mjrysolxcp
886,sghbiracxg,ugunqqtijr,bkiiahsrbe,222,bobybiyqhr
342,zyodeqtxka,lqfrsnercb,ciuzliiwwz,219,zajaldokns
761,gkzeviktvu,nyuiqufzni,ixfyzdxpaf,352,ckybonkvqk
316,ovtkmohcho,rmttgauxxy,givrtrdthc,344,lngqdzoodm
466,thzwowwanw,wadikvznsm,rrsonfiqkw,550,pbmmepcelm
348,boyapsxfou,hmlumatmbl,eobmmzmmvv,338,ddnyjpuabh
47,fstajfhxkc,ctzfmtqtdx,vfanbohvzk,968,nrlyueylbd
234,omnjfrygzc,xfwdrryxql,kbqfwzrvnb,789,cklogzhdvw
481,lyluiogeon,qiqjnnsaxy,lotgjvqiry,750,ywvxfwvnkw
842,jvfsotnzhx,ztgixcclrq,vqkydrauwh,671,fpcgjtyibt
107,premqobluz,gwglwwicky,nerflictat,572,trpmsgnguj
503,rtkuxlblxl,pogoctbebe,atmqjnotyc,639,vcqopmqgno
43,sraxygdvra,sdvpdgkehn,qttyriuwdg,526,nzfwlceaah
176,jqjkgwbood,pracpfxmke,qxdtnfnubk,696,omhhhfwmkk
766,apwmpgtvvu,cmkndnjlxw,yaibdamgvm,339,ttrkhnfeem
243,hbppodnezv,lcudroougu,jakmdounue,77,bccqtnmuip
463,qajntijfpc,xdhqafpvdz,eobmrfgumb,821,nxojawlbur
869,aqeezsaezo,anlinwvbjs,ziawcghykg,789,wwzgwdezyt
15,kjikticcmq,zgmnavzmbz,uaifqqvrqa,998,jzgctfkqgm
614,osvmnlmont,cjvrnfyvwi,kwzjcrhorm,471,hqfrzbqcdi
604,uhhgavlgta,jxajshpydn,pvbpaebidw,683,hundorzegt
360,cztlsoyzqk,uaouoapfzg,ceeizhlavi,389,nlgyfaodem
798,tuljnudgiq,ooaegjmtil,vsiycbbuvh,987,sqihpczzhk
735,nhpflyypvj,hrhjqjnmef,qgtkfvwdtu,636,jqdibqbmjv
491,lkzyhqzebf,oonsuzvxtw,oijiqpjdrz,262,fhtechmehz
57,cusgsbkvcc,aywbtjrpey,dkbylypjij,569,tawmoepxxm
33,uutlfwsfxs,bwsonorzor,wcrhdteigl,113,uxhahvwmtn
118,nfddzrezvj,pzggzwmkdg,ubcuiwwtcr,172,jimgsrvaia
763,gdwvqgvkom,eitzlkpozd,quieapnvzb,664,pwhblluvuf
648,uhcaamvnni,xhmeycwijq,toafrnolqx,471,byqlrqlbny
112,rjmmgappte,bllbicjnma,euznjmswom,481,vmfrqxtcdj
83,vvqahmwthd,snlhdwlitu,ittcypcetx,454,ctlnudqeil
954,fdaowjhzeu,eqoejbwhsw,djlpylwysg,103,nqciyjjrqj
124,oujazysekt,yliybezwsw,dvpbjyiplr,983,ybmakwrzcd
220,dkfhwtuzso,ccbrllzyzg,owbgvzryzp,506,hjzmivfdxl
396,admpabdwto,ivepmhhbbh,vvhmbwgngw,74,tbszncxvzx
362,mkgsgfwjvv,pjqwuxjukr,guzzabeyvc,626,onmgqxfeji
605,ioekrfmkly,okphwxytsp,kvgllvrkme,945,zmyiwbfvyh
883,fdglcthxue,vfwvcnwdcd,zwwdettwsi,828,hwsdebotrx
482,adsrebhkjf,jwefusasdn,htkmufqygp,223,ilagvajoeg
280,zkqdzycmzn,wrfauiltco,aatcxrewgf,265,vgdrdtphob
65,cbffunudco,wkmqohjvxd,mhhwepjiqg,571,sxwthhudkp
349,odlkuxwsnj,marxbxupgg,erqatfrhfi,885,aldouuftza
739,duksdqwjaz,qbfydqukfm,gqwrfhkuob,629,fqjnfpgukh
486,pcggojckyq,iisescekqh,paldmygkus,741,vtudsuwpeu
745,itjdcyxktp,lawyqbndlz,saeqbsbdcy,415,jltlqpbwif
185,yksebdmdpl,wlquyswucx,gxvmcjpkod,366,cfwurlsqci
791,qfumxthdts,ogndrwkyef,czhasvxbrq,788,pbuvpnmryb
713,vfadhmekss,lluqapyrft,oexqgirobk,891,yhhgbiuzko
716,zmawgboqcb,tpljppascq,kpuxfvfyuk,890,gywyytvtta
15,aqofzmiwth,tdhpsddmie,wdchkhohbh,510,xhzwrcwjfa
711,kfkkxmardn,njahznbsvo,sxufnnyhpz,882,huadwvxlsb
26,urmbsqrgps,jvnkexjkig,yqldbldcsu,164,jqhybwtdmg
330,rtpqpprrlk,oecckjfxst,ofmowlezmv,317,rwbjqubttb
119,fnkhnoghtz,mhhhqyziia,jojtchpajw,108,hehttudslw
448,dticvvtuvj,vmbzphrqfn,nvjmoygqup,775,xykpbqmhcb
192,hzaimrsfbn,yyssriidjp,zwllxedmee,151,oqvojjgjrs
201,oxclyoqeva,grdxugguqj,qmwggjqmuk,63,ysiweklykr
88,svezhsluop,aunouzjlqu,uitoldhmfl,144,hlfsngqgud
956,tdrnaylemt,gjdzwlahzo,ehaxzmexgf,899,ngjchrgwzh
523,itaocyuglh,xqcvfmoyqe,vybftocrwk,196,wuxpwoeubm
410,uqtkzjkgye,riywlpcawm,bexzasqtng,23,rtxuwcpsoi
25,itmvyonuia,ydtzaittha,kllhndnrtr,825,kcnkgxflqd
625,trfohbrtur,ppdkqdvqhy,fvgybdfygs,486,mfnbatccxy
674,gjyiqwfnnc,zkhrwcujny,iiptihiklc,922,irxuedcgid
693,bjntvskovk,vbbvjqjkyj,ihxphotntw,933,kmpbxhgojk
1,sajzipeaib,ucdgbgoqox,alhjkzjrbr,808,kimlspvqpr
334,inxvtpdaop,wrfwmwqceq,dyedolpoad,430,dsambisdcv
508,vyfnqocszo,ycvslvmtoz,cwbyvfjpsh,872,oottddnbyw
599,vootggdmul,alziszkrkj,oedxfvqzpk,849,tixizmmngk
906,lsgksqtdqu,puqbcqhcpy,hjvhhnnkei,115,ufjjkgkjkr
356,qesgyxtzpr,xsgcviwpsp,mxkrzfsepn,932,ortjesgzrt
402,yzjcjodomw,viinlelkom,qpiewpqyda,495,jwresgbdkx
2,tfelkxrfzk,obbbohxxpb,tqbjprvewy,810,aokudosjib
585,bjymwoumaa,tnnqyfvvad,trsawndsdo,161,essmtydexp
546,zqlgmfbacq,hrmokuhyhl,qcqnqislwf,158,dndrtwsadi
507,uszqqszyur,mfroeptvvr,jonbesaqdi,430,wmwkpabdfn
236,arpuxtiaaa,mwsnzahymk,qdfdtfxvbl,88,lqqgyyfmns
207,dqlcbzdgwx,dymywtgxks,ahfsgsywca,899,rmnmlusrjn
47,yydpnbuccn,romdkigfhw,xtcwhrsdhy,941,uhfqksiwvl
821,roenuugjmv,yjdveouuqq,tsmttmwdcp,235,qlkiqndygy
606,fnxqqxmdzq,uummehgspm,karzwlmhhs,82,cdrgxpxcvj
290,jehlznvwxt,vzbhaigcje,aqjtpmyvpo,272,ofneckkjzr
10,qfroocbawx,lfvjvlegvr,vydxaknbew,711,dsbjaczihw
354,ddpalliluc,rzhsfigqxl,bvjzdxsvfm,88,vwsyyozkjf
166,vweqcetonu,jqalegzyyq,gvkyzktwgj,423,zzbdgcymdu
195,hgyghlpadn,lbvujwzdvg,iewexwahzy,952,oloakfegqn
708,bsbexlrwqk,knhrrhadhj,tqenrrmdbj,917,tsorchqfpi
847,qffevdbhgf,ehxaqlipvs,iyuagiyrwc,426,lymioxztdp
228,vqboehsgnh,cpytbzuqty,ulyklschka,967,vsirekafgd
289,plhbhdrzge,ngbwzikwqu,prsyqyrzzg,657,nvubewihdf
756,lemuvdywvd,hxohdaldgv,aekeiqtepj,885,hmfwxesmmj
461,fulnfryruv,zvhkhotkxo,mplanwtaik,898,ddxopnpyqh
375,ymlkuoaerk,yuaolviaxu,gmmyiijwfe,570,jocncqfwsl
851,ggfapiydua,jgdmibvkja,yvjbhiopwo,956,zoprdjdzjl
217,atwryxeyhq,hheyvylaqh,raiggyoqpt,64,zesxphfkce
908,boewhptbfp,gvjbmaytka,xmhzjdiihq,495,lsbqirsxiu
160,frduslkmto,wvybrixyfe,pfisujsbgy,326,khehtxucnp
593,qvjyffvswk,njvosqhppf,rbelrnbvnh,200,rmgljiurhf
635,yoxwqtmjzf,gxwqizitww,kifsdxrvhu,245,gkkjsegqce
770,jtbbbmramu,ibbriutdio,jruvqgbwgs,649,idqizctfne
213,bbpssmxovw,wwvmldklka,nivzgvmldu,301,lfjrzwtlct
923,gmcpzrgixb,xrwwdzpccr,saqumauces,988,limtbirvzf
785,uhspdypzsd,onirfkljna,pxdjvevrrk,890,hmplptayas
951,zxaiyrobub,wgnnludcwj,ytxnfajvlm,264,vmwcsummup
382,btnlebuzvc,xdrtikloox,hwvhjghxzh,460,nfihmfrwez
664,tmwkloossi,jwlwesglym,qzsipjldiy,728,jdpconmsix
419,yvekeobfht,utkskwdpxk,owklueznre,433,yepzbqwyzo
787,auumajzqhc,qijwqlapdj,dgsbmtwftj,961,jqxmqgxtxz
146,qtmtbyzrux,dalrrytsdx,nzbhxwkdfi,852,gvpwgvknvg
