name,id,city
xsdoluuqud,97,831
mzdnqlbwxz,314,67
pxdatgavmf,369,898
ysweolgumm,616,756
rkmbwevyfp,832,330
wrdvazifgq,836,931
bumuqgumje,860,237
fuhicnamrw,374,125
rfktbtsoys,369,428
xclipioqdw,100,681
nolezaeedk,947,686
gxcxwtxtoh,43,89
keknogayue,807,931
fqeqfodufu,339,856
dpbxjwakwt,441,419
xjrtbglcow,6,496
vipedjnlza,947,411
ebhyylxcsg,757,576
mafsvsnevp,415,260
ruitllvncf,935,511
jqycggkzjb,34,192
spzwlzxkxq,294,904
tqwhdpccvg,655,241
tjesvqqvkx,280,979
mhrrchkasu,860,798
ameztlvayq,942,949
tkbmoikuip,924,765
xogqucitjs,821,844
rwdnhqsacy,528,680
kutmzespyq,878,73
pblzrufpqu,611,349
gegzyppeyn,276,947
zhiwepbskn,634,343
plcwusxpei,890,493
wevdxvsgpy,125,234
myfkrnbycm,550,213
nursoerzti,902,566
depjyukyxp,749,417
ywxfnnivyz,524,283
nghalnfncg,732,126
jmbtfyarvv,515,133
cvoodhxnmp,81,118
qzqubjeqjj,346,501
zexlvpzvnl,923,55
wfupqxsntb,841,164
xdurdgryhu,749,396
vjcqhwtugz,766,644
rcoojqnyim,586,977
aqtwqanjxk,532,868
tgbkeoabce,973,454
vozjsjbxmr,167,240
sguarazlue,752,608
wylyaotbfe,119,290
ukzfiptdqg,374,472
yahtpqmrze,872,737
zxkiqnyejw,263,249
kmvknnhmot,730,389
hhclipgkyw,679,370
oymuyfhwmn,82,979
hiztpjrwrm,60,909
acegtnebkd,173,507
tvokbfaquu,290,571
tpbuaorvoa,342,316
ietrwimuyf,84,661
ovopkjoetd,51,80
osffmzijso,457,96
phtxjuqqkv,793,897
njzvienopj,993,692
mnmsnuedse,145,272
kiluhyglok,795,154
uyvztkmawd,638,69
smjjonmudr,524,777
stmwerlvgm,965,896
iecimehodf,285,925
nxtoegjqzh,944,539
irsxnltjuz,529,139
kpysbwglum,424,682
qkilbjkvsk,194,107
xejnfqgysh,238,536
opvhxwnire,903,996
xefxinqgso,197,423
usrknckrgx,76,662
aivukgojkl,262,395
tltyrokedz,838,343
creozbymdu,177,595
zbsmvzfrni,273,884
jgkxcdgrtr,203,165
inurisyhbl,399,378
xtcdyeyqcj,825,581
wnpttsjkho,87,649
frthmfcprw,304,433
shqzebygaj,968,613
rwkbelpgwz,151,132
ognqkiokqm,297,425
rkyahexfsz,747,757
vhaswcdhfh,494,233
ijaacdeefu,293,820
jfghznqyiq,313,235
kmajccroxm,499,104
fcybieclqi,178,459
uirhapvmlo,753,439
adczlchwbp,356,529
pcgcupfqov,827,947
xxxzxjrqjb,661,799
esbnxxralg,48,949
mnfjhsmrck,49,155
cncejgqcsk,93,993
huhaynhuwx,204,542
cnggkfivao,452,998
kxsghrgrwu,315,48
wgsgyuptkg,480,912
movzgdonyq,694,913
ibvnoupxvd,704,691
dbmrtexuec,323,973
nxlmdqcypk,172,950
opuwxxgbae,953,892
flovbrvoey,375,57
rsavknracz,927,85
hvueopkvts,73,700
ewbyvisdyv,529,685
ajedpdvmkx,984,414
dfmgrdfydu,399,536
taycszyadr,476,23
oyxlvzzhkt,714,155
yqujkijzdb,685,787
llezuyvhmy,339,628
yrykndvdid,466,99
jepoikfnla,426,288
ucmwiwpcnp,16,224
xvbkrgnziy,239,128
csboiwccbg,676,831
qyzqdicigr,792,663
rlnaomknww,757,932
lnhlglzitz,992,116
fdhrpdjszf,466,661
znaijweakd,592,175
peingpwroe,116,643
pqnuvrcjhj,989,915
onuzemqqss,113,319
dfunbsbdun,325,511
ggzbiicmhx,925,391
vmauzfafvq,63,449
wnxgkneruz,477,883
ueyxifrmen,798,113
pfujmmifgq,354,352
gecczxghhg,786,718
jvkmwkdyzb,120,168
ltnnnlzgxc,275,664
zgstwvnber,817,157
nyuphbozwv,282,986
ktzdaxxcrq,778,568
kcvmmccfnz,669,531
gdnpckxqjn,80,481
jiardanlxy,143,31
ykyketsnpl,927,157
bzwhcwejnt,2,216
tdugzhqnnc,136,847
vcfwugzxow,282,339
tdbzcunrqh,453,556
smtuyollip,559,41
wmblwvfwjy,507,407
bhwpmhcrcu,542,772
dwsstotpuj,843,349
ikkmxekjrw,301,35
fpusxipffw,142,902
vhujcqeysc,704,971
yaoakhijli,260,258
bfefkopiii,709,410
zkbehgjvkc,232,83
ewdhregjtb,888,794
vybutnkmdj,715,844
gqbemfztrp,828,184
crjcltgjly,746,430
utfhgpbudo,239,319
rfhizcadpy,317,570
gibdeehthb,168,868
ctxikwfupq,38,648
mmuzllkfmf,616,31
mdtliremco,746,554
njtrfpwonh,490,283
sofhvqwcwt,729,534
qhunymtsip,752,700
kshkszejac,221,838
mhhgnttpei,755,227
orkkbkwzrj,833,758
spngnszjby,886,736
mscaimydkw,960,402
wjdpmgighw,239,147
ggnmouloqj,527,840
mbrjsrcvhv,524,191
dhqxsxirjj,218,257
ihetkhxilw,534,749
prxcqoprhe,239,383
ljcauxvoju,332,562
rpxczrncud,137,323
vbczwkqtjh,270,61
wthvgbqzsf,580,911
qpjfvddgaq,316,959
qcbnjholjr,753,290
dgvsumjptx,323,208
ihlyghwnnl,941,781
dflzfcknsa,251,83
dxbggrwale,51,81
yqqgzeebsi,424,158
gsqyalnbur,580,266
tddfmxmtdl,715,257
yfatuydetm,151,460
mxdmkrwvji,84,313
rwdctoztso,202,745
yspjxllffe,94,217
seayoysheq,564,924
nzanhppqfk,558,541
utqyelhdlj,44,637
fzqezhrqbu,569,714
eyanpkwtqq,787,345
xusgghvedu,282,486
oczeeagpaq,458,4
ezeimojqzk,237,728
fiugirjarq,928,118
vumanmnxmg,890,909
fgwkrfgpqw,491,920
ojgbqnfxlg,585,904
olprixfffg,649,681
hqktzefawk,126,732
lkzaptpgjs,915,65
agxixgmvri,426,72
kotvognbsa,118,249
yyvfioowmj,206,14
nkimnkbctn,430,804
iasubbnpia,748,272
olcmdedcgn,336,647
abjnxvwctd,779,512
xuwqimrehi,59,712
eartatgumj,870,868
bmmefrdmyy,523,77
znuquhyphk,714,212
lmmcjmfscs,722,28
orqvvlpygh,410,968
pegrcobiui,676,139
phvzooorsh,761,753
jvpyjvufru,215,395
mhbzgztetq,731,331
cekyaxmami,244,21
xnjsekocaq,384,749
onzgpkoele,421,897
qpetbciuzj,431,421
absrtfhgpd,843,607
ksztebcrzg,186,596
ipgycybsho,92,708
ekncpdxzjg,755,330
pigxoseicx,95,51
yriktxvttc,51,462
twgwlxvnxc,404,541
pecvmhyugh,770,429
bqoiyxvlsi,107,653
bctkzrtyve,728,869
efvvhztxks,64,332
thpxlfjzwl,127,446
ydqglljnmh,257,782
llrjiiseep,779,181
wxtqlsdugn,789,320
agnxvlygor,111,798
ikhdcjkxnx,418,614
bnejwncfry,796,275
orkgpfrspi,241,141
wslvaokzwf,408,702
gwujjmxljt,769,674
rwrlrrvafd,945,368
lmxxnvvzei,669,452
fxqzjxoyri,149,444
cqnddysqbj,76,12
ftgrsbrqop,848,364
mulzmoafht,660,664
tnqwchcjzs,729,742
epcbmtcssz,738,695
jrzhugvrsp,920,915
mdaklytfjm,882,60
ikcaqadiad,608,93
kjgsyojzna,415,57
ukeapovzwh,389,20
mwcfnvcrew,150,318
otlrjatpzf,401,180
hsjulwvwrl,380,982
uqnjlcladb,993,405
eifuqynicm,586,55
jusrqanlgr,359,871
vtrpikjhxr,864,917
ldnyzsdnhg,508,185
mkacayrhqt,62,985
kgblvskfsj,268,390
mtgfutwdcz,619,227
ecqrddkzke,605,427
veyqwjwumj,529,889
mskrlphena,581,360
egfteztmnj,710,114
uszyjrsdnf,831,465
nzcizjmfne,808,387
rdwsuqzvex,346,872
ggqtygwkyo,549,861
fahpvowhja,830,690
akaloghxmy,701,194
uotlbehwmj,132,252
nazohbegbx,774,634
mmqvoushxj,264,569
mgmaeefqms,802,798
efxwdfniux,245,994
qobtqjlzam,575,175
zoxjprdwle,278,801
ckhpgkykkv,604,827
nprocandqw,212,666
mduqwwulwb,948,758
trvcnwxpsb,41,111
uayndujgja,930,1
btugrnguaf,503,671
nxnjsuknuo,672,74
xbzhrfajna,85,299
astmfylxly,419,191
zguerrogqr,336,430
kgobqtxkzr,856,632
ukbzbwfwkh,129,200
jupklxrrfk,948,40
nxtsrrqrxg,657,894
itppvfdkkz,260,695
uxeuqfzvcp,646,88
gqjtrwirjd,697,431
wuoljmbwyc,424,439
lnfmptiqcn,597,713
ozusqsedbj,364,673
cncblaeuhi,895,443
tgaxuwxjsg,724,419
yfmhowhprw,960,609
bttbeoxnlr,65,548
tvbtwqquob,681,509
ypegboyzme,70,305
btpfgauaaz,370,539
mjgpnfjcue,235,705
gqnszkwakz,393,77
vsyuviznqv,682,486
ojwlirtoof,435,695
kkczqkguzi,233,764
xqregivfjt,594,537
mhtiujuwzb,900,795
tliwluiurz,93,519
hpeukumxvf,526,804
wswtjsyxig,477,62
uuyvrfuxmd,484,290
xhslsokurv,298,69
zixcfzmzhq,367,520
kjkcbykpyv,26,517
rewblzngyg,788,945
jsgcmmuqkg,42,783
rakxabmwqm,640,441
ysnmvcesea,683,432
zqrqbwimdb,29,574
irariqzdia,691,147
ufovhyxwix,44,563
givhpuutda,629,532
buhdsdyiuh,774,714
dxvjveclbi,215,44
gnnfimsich,155,308
effqzafrwz,776,373
cizmjywvka,461,527
juewejadpu,802,372
pqrgcyksgu,657,436
ceiojxptou,554,381
jrekpdtgbj,740,170
iyjrfufygu,34,440
dxrwjrbkxq,630,307
huirwanyej,824,542
ishpwhqxjg,950,211
eqzpsahagx,238,287
tacbvsgige,386,503
fyjednfrts,70,844
tykempjatr,304,8
pbzrabotof,248,628
ebjqqhgsai,213,796
bfjgrislbl,106,605
yhbryffxsk,961,894
hlknjttkvq,187,736
brfhqznfod,414,883
wjwdjhboew,93,297
bmauaqdikk,115,441
xwvojazecg,206,537
osinnblcrk,625,373
ttwncpoasu,707,66
kspuitvpvw,961,967
xolvuzxkbu,929,999
xweenrsmvo,663,149
rkwrfiqble,975,765
nqffqfnlvg,151,970
ynuyxmxfny,99,714
jibpamsbou,810,641
dmsldwejue,304,176
yhawopcwam,142,531
pdnsksnlqo,594,470
oancvrlrxl,623,274
xaitfflfpl,216,436
uwdtokllfr,117,849
gjbolymdbs,364,456
wedfswnqei,236,856
ibqehpixgd,520,193
nyktyzuwpf,802,760
mccvflxmhr,671,719
wsjdyariun,728,592
uxnhnrmpum,813,756
ztfbgnxshm,703,611
umbqleqfuo,861,12
ossqaxxhxv,30,447
nigpbcphhq,271,501
zzxpjtqgic,278,787
ifxusyblyy,547,674
zvxgljbpsu,74,205
avzjfpvfji,125,562
krowvomcba,343,37
axuuxusnvf,838,264
gvehzdhkby,499,587
eygbcrbgni,227,238
gunwunrtqh,532,697
phejdqnibm,181,554
upwqqkvjzc,888,901
ttmwvvgqzj,381,381
kuzqlvzmbi,244,46
ovvadllxce,274,596
ipajeticns,524,969
hdobzxpuuf,266,581
mgqxmodpxz,366,400
unhmaejoox,586,568
qbzfaaatpk,523,119
cizpzosvrt,2,271
vvihwmjznv,627,187
dbkvschiug,520,860
sblkcjlkel,547,904
uywuucmoiq,480,693
erksqncsog,949,678
djtralszkb,231,14
fjdctbjxqb,476,32
ietyfegllq,682,491
rhegakwatb,330,345
noaiyzkhtl,6,208
xbkvihyfgn,72,989
gbxkzlflwg,188,511
toxbuojlno,850,528
mcqfhmjeau,50,476
yuvzsyfyeq,885,205
kxsytxysre,770,721
vkdxmkuxbp,85,830
ycdsmmmvar,872,361
gdromogkke,159,852
laxlnbbhsx,100,371
yauidonnfb,983,291
cyiwjkiusp,176,893
wfayabxsku,615,284
xwvclzchfj,727,490
ebjkfuplou,605,848
dloqrdimha,740,906
ljghkmhwbm,591,628
vadbzbcgzh,875,948
qcrnhjsblr,510,238
cbwpadzkea,399,258
pyvxrseezk,476,323
pyzyfscwit,329,257
rvkepemnxn,291,11
tvafmorcqn,800,356
wlyseyyjng,859,331
sydndffeud,169,763
sitozgskws,680,949
xlnzmvlrka,533,565
fdxoabvewt,909,462
rtmknczwvi,562,631
moroizqepv,33,645
agwtjnxarm,833,487
oxxfstkzqa,37,237
znnmtqkcgg,683,170
gnfsensfcn,166,206
faecpmpapo,95,246
tomlovkteq,245,580
xbbvvuxbfg,531,789
rbjpviswcs,8,20
ihqmffqfyf,924,935
kbrtqhlttp,252,704
knnoyqvyms,269,170
sbqvlwtrcl,402,814
gubirmtirx,842,480
devnsmupys,979,954
ieiavngdxa,815,341
pxletafjsr,386,405
watbozrdvu,456,779
dznxekrsmt,548,225
xmliazlesl,342,212
uunerkxpmh,782,356
zkipdijkpi,804,724
pocfwslsbt,907,517
dvsnjzpalk,164,968
bhjdxdetnu,424,367
barkcrioru,882,735
ochwcozgpv,622,879
wykyfbddci,411,163
batiquwfqv,2,148
mmssfxvsjf,50,27
soitcbnhmi,445,980
gbwopjgxkc,16,56
ijambdewep,147,469
liqixhuqmw,126,970
qmhzrbhlor,298,503
spxaifgbqy,58,823
kwfhcnxnoz,921,260
urqemwxbnr,922,295
xkkgufopdd,690,738
ramgxrlggn,704,415
zriwhlaksa,998,126
ubrdgsxkrd,539,200
rmwonrwtfq,443,638
uvgtmzxols,159,418
aohdrwhukt,404,514
buxhxjorup,218,234
ezrmqrurly,941,735
sifjfazuyk,219,61
favufzlfqx,738,888
xybmobyxzj,7,304
rkxmvhqanp,539,345
hwmqmimftw,697,694
htuuerjbfa,189,899
gijbtyilpe,286,525
qgguiovlqv,487,614
eesdmtjkej,140,997
ychsqegyfn,416,831
vxrhwhnmbi,198,742
jtmcmwrlez,290,335
lutcuhcxph,53,460
zrrjbncpcj,141,924
fcnkyoczyi,197,665
ayepbafhlg,906,591
jprpqprlhl,690,47
pixurmqhay,137,218
eqgukrpiem,782,809
gcljpbvtyv,961,252
xhiomhefaj,481,590
avklxdeipv,613,11
jvuektrwpm,820,304
sijsadbnif,926,518
qruzfkroyw,515,278
ynhgvnscjl,320,485
cvqopyynrm,853,804
exhwxmoqvh,756,567
iihzbalbbb,818,212
sugkfxknvk,982,854
qvggvzoepy,217,980
atctybzfdz,189,690
lycadmrriy,387,59
nzswbshimk,85,847
yhurvixiqa,184,281
xohosaxtkp,91,44
rtkapdscid,101,681
zdfwyxyoaf,52,666
deriynbwrc,80,902
dvreuidlvl,521,246
kfueqcwjdu,345,967
pkfssnujjl,843,773
wyyhgempdi,157,320
zvcnxthxad,967,857
ixlwicmzte,680,543
sspddktlgz,646,605
kcvgblwkjm,504,855
padedlirjs,468,761
asnfmmcwfb,393,28
dlgeclcnvg,283,723
tpusuokdww,769,123
gcnjorhmuf,714,340
ooqcpvqckw,321,726
wyedcheelk,903,243
ywxijmjcvp,557,641
qaghpsevaj,582,937
qdxbawrykz,522,612
uyenveeefq,397,297
dpipqrvzvh,2,21
jzaueldcvt,622,978
jvnijwgkms,341,40
qtnwrewesf,64,59
vggghziogx,86,677
gbrlbcahdm,658,139
thwgeyenvn,952,23
epivzxbhop,501,691
enitjzuras,637,341
kmnfhelanm,92,353
bowbzupuvy,506,823
snvyrzvhxy,866,978
iprbmiiscv,696,94
hhumdyliyv,921,956
gzujkdptyl,442,815
ychngnjpiw,970,758
ahtvsrymtq,279,158
ifallqoqch,950,550
umnfofpzqs,244,915
kwfzdxvmja,336,542
veuvygrggl,824,180
axqbiaueyd,60,66
mtkuhcphlz,348,375
meceprrvbq,904,769
uwmxfjnbav,791,353
patuqutuch,917,455
bprdmgovqq,922,24
wxhbfqvcif,394,92
pupfliymqf,685,809
xcxjkgjgbk,229,59
hfthgqmttr,997,534
gqrmsdodpk,22,737
fmdbjkpwtw,81,576
uglmxpthwj,282,425
bazdbyouei,65,261
ruobpovkfr,801,401
ghpazyjunj,882,623
upczqaaekh,525,43
bardjzbict,522,208
ervqlkpyle,896,563
ncqtagxhom,787,573
dnzpcuomrr,664,153
nfebkyrnca,831,709
muacsrdswg,329,955
rbglxucpme,759,390
xrvzytpvip,78,857
nfstroqrhp,480,149
ltrwhxhlmf,909,621
ataumnabvw,523,288
fcnqgnwkwz,335,494
rlznecchup,24,841
khfmfkgxtx,529,592
ecuzmmtvgn,128,121
patkhkjryo,794,362
rerbzeivof,213,719
eegnoiphrp,672,828
sgqjnzxvwy,583,435
pjnxpetnpm,945,532
tvdlxcoxfi,427,723
cwxmzjvfap,19,828
ukyynugbmv,843,481
pegaypujru,489,939
yncdlutevp,590,527
heyojvrgmd,875,318
wvppqyaevc,618,712
oamrwjsgme,672,497
zsptdllvmh,94,132
lqboxevaqc,378,479
qtkbuoizpe,413,423
bwxnzgjxhp,750,410
awlybaczfv,256,271
sabkwriwfa,902,272
dcqspknxtq,701,64
hhcqqykbls,173,931
uvwnlmhelk,500,846
beozwstsvk,486,748
ejtcuuciqp,420,934
hqeiitpkmb,25,645
zrrckenace,866,832
ahxxulphjn,572,608
zwzgrixcfv,442,461
giquwfdzet,713,528
mjgzcefqzy,701,705
cahxegvouz,425,842
ipxjfiyjby,302,213
isiyeyiait,173,520
lfquwkanwb,121,332
kqppyvwczh,797,571
qyflbjlesq,569,352
tpqtwxdiyb,655,492
avcsscuqlq,877,328
omcffefwni,277,814
onvixybttc,336,248
jnvfumnoio,683,194
pmfcupeoza,650,61
etrfshvshm,315,735
yjaiclhwek,687,667
nwgwtkivok,223,589
vmgcfsfaud,187,405
grhraeojdv,499,246
nrwvqfvbcn,639,128
ifcqomvsqn,492,600
mzmquytcai,771,843
lxscqsgqar,640,122
xopsewizld,289,671
xrkndbfqkw,403,105
vpvskwfsps,299,984
ocayqjxqlg,868,478
osubddjejh,880,37
svbvvvlepn,402,743
yenzfevlwd,674,449
kxiynuwsee,878,448
mnzyktvlbt,252,382
dgonjlkthx,901,860
wynkcgodov,675,226
wkiyxagsos,242,365
bvhsnmbltq,971,514
ttdjpuqusb,102,813
hpzgbnkccu,451,208
afdfidukdv,933,423
byxymlhdvy,367,337
vqsjfydmrs,14,38
qvsjvtvtul,80,95
zgvxnujpuf,302,888
vnuwvgrxth,571,175
bnmfkdxuap,74,159
zluhpsexiz,628,177
pxbqkwecce,887,253
htegglysqb,134,274
xovohguasu,944,787
ysmhxnoqkg,345,655
deicmaleyf,563,949
rewvdvdisz,511,944
tehntopqmq,672,364
ngmlhbxjbz,723,886
wixgognhil,790,776
qjcotjmyvs,431,530
nukopioabo,324,768
zgdxgzbkht,466,3
hvggurlqsa,265,97
tjizindxst,259,436
sxencyclgs,808,760
mmmeiokhkk,437,320
mgqjtbdtfb,764,676
dgejydwoys,712,859
ztncuqxwbj,443,996
jebocwwogb,745,493
pisiawtydv,650,865
biswrdzwdb,574,517
ocaulsjyax,733,952
aqjvkeekgh,384,577
movjfshdlw,784,392
hrwykijyhm,70,925
wlfpshgtka,735,771
icwcalevqe,467,343
poapeadxmb,279,515
rxxgrhxkii,653,510
pudgducsnd,631,732
iytpuwqylg,658,362
zxacugzqoe,183,720
olsqfttvpw,807,492
bsjsiggagh,218,587
ancdsrvsim,191,131
epkklcknem,51,597
odukgqfzsm,925,631
vttszalhme,425,655
cahyizhgyy,855,477
kwwvehsrln,200,123
knifhpkpqm,240,368
sjjbqlepzw,573,235
wrofjqifks,153,712
akmcdmtfyt,853,924
tnypkdiuia,764,674
zmatzmiybu,836,863
ypyddhcenn,718,860
eohvovuqcv,21,517
ohcjfxqnki,559,779
vxffbycloq,474,982
mhhwftfafw,103,898
nxhudlcikb,761,957
zgdsbxvvwx,88,945
uocrogaiij,617,674
mpglhdneff,131,31
jeashdqlbl,344,845
hyriqhuqur,393,94
bfemwkmgwm,498,339
gbupgqxvzh,743,889
zvrhbhfvwn,368,599
kmlrunprxu,862,620
gbhjydanqb,418,662
fqhoxiikmo,941,745
miguhcocxo,490,359
nkhdvtwnjh,508,570
bolkylwfiy,670,455
mgakazcjsh,702,136
gsrxwbldnz,882,990
oolphmdotd,227,790
dpagdmbtge,480,48
zdsgwolafk,304,363
dytgsfhlms,693,794
qrdzqbwmrn,284,722
pfqxdccpsw,449,687
xkcshudxkc,65,447
okayxlrngt,242,272
bfqmnugiln,724,728
egxnqwvxhx,381,901
dzzmmkxfvz,19,134
ocqnzfxkth,130,331
rnbdullfdd,657,919
xbbgiclvmm,707,34
qybnxmjykq,767,120
sdxltybbfz,984,674
zjirbqtlek,609,940
vjfcapgjcv,955,963
wgmnlxmrnd,42,915
zjecywrqeh,83,655
rfqjzssycw,630,817
vfsdljnipj,558,765
sywsvznkoz,516,93
tapfrwrfwb,592,435
udheezpsyu,709,634
fhythcjqkg,898,264
hjxreqqdts,892,686
vlsarvhvmh,969,675
mtmvdrpyub,578,948
derhprydki,428,69
raxnhhdfzo,174,319
udrrvzxbbp,729,47
kzhbgsuvln,886,285
emorbzcanv,381,88
musgndiipi,758,566
gofdkhyelv,157,422
zetpayevtg,51,944
sateytpvtz,110,79
ashhueyzek,258,296
zzhfbpzuwa,310,580
lflcrunetm,411,166
hcramroubi,524,242
mqmleegphx,996,565
nncgujimws,914,285
odbgrahmye,573,950
mizwmtyktq,302,74
yeiyoaqzmt,71,72
mhsriseuay,143,224
lsrapicofx,472,142
sklvlsfkro,650,786
rjdsspbvcz,62,189
kzibwjwwaa,425,109
exrpduxrbh,566,33
iknlzcwmzq,156,674
qozprezopl,697,930
lcgyftimzy,863,400
aanfvpoapw,19,688
cjyxpczven,432,240
vtnjufhsui,40,472
gpadavkztg,315,348
sunrioffnz,676,513
lppkvjpjvp,995,45
mugmrsnbxp,190,112
xwdwstelyl,991,657
ydnmdmvwcp,481,924
pwapdjcoal,703,471
xiunemtlyv,424,574
kjcbwhromf,866,87
jvewpquwsi,140,9
yfgsjmxdhv,549,849
ookpmqwgyk,420,402
bahindskyh,977,785
dtwyjibpcu,664,811
kgjgjorrrp,473,285
uvvslwvuni,803,82
dmpvjevtug,551,516
nanvqtdavd,539,289
hepukryxcd,146,339
xavatujxwt,567,682
eevtqrcwyq,574,350
ttdqjtydrq,70,185
xylzpfqqnq,511,904
jfjxwxovey,542,301
gxpxlcvuor,579,512
ihslirkmwt,712,932
mamdyvjuuz,756,177
vovyvvhoaz,255,769
njowrtcrtv,191,469
lovngtokgx,375,669
zggkffpwgb,203,238
jgvqpqhaln,297,160
laumsndfwl,305,377
pgjgscmlqr,376,330
djnuhaheno,788,352
zmazwtikef,935,970
rtxigsqqvy,190,379
kutlqbdtwe,898,170
ukxkwmithb,839,276
xmqdecmkkm,182,468
rgcwljvcqe,738,708
dmibnvshrr,936,733
mxrhuxdplw,605,198
fsrjyrownh,70,493
euamatyvmq,684,23
jcygkvtfzs,268,568
zcntlcariq,291,151
zmggvyqvkn,518,245
setuujmmxo,678,407
xtzpwivcgz,557,784
kyxfqvnzgf,695,216
dnmdoainpn,313,965
uqnqueektk,52,565
rccnfhuxjw,586,451
lslxfhkeur,18,213
nlxzrcegjl,900,26
qvdyudzhyv,57,280
xedillvddx,453,762
nkyjaxupfz,413,35
fhkwvlxrmo,301,802
nenhizfrpc,206,619
rwxfvuficn,122,410
wxuwsonvhc,229,539
swpbdxalyc,982,997
ujaynhxfxc,715,123
ruifcdoplu,943,598
mtdldgacii,95,678
cfzyzosyvx,408,270
ycfmkibjyw,916,286
nmtvowxnqe,834,183
itxiwbdjce,860,320
ixtdamiqax,202,488
kgaqncobtj,981,990
qggdbejerl,630,54
lmsjtztovn,175,374
zborymguzc,352,627
qwymfaxjcd,319,93
ugyhaernhy,438,469
epjlszhzxj,483,687
inmwznjzky,757,357
yxuchimxlj,730,967
uszotuvsjs,537,674
xmjgawjzyf,823,455
zecyhbjmdz,362,401
yossaqhsfj,657,796
lmckwdmnsm,421,804
fjpmbbmmvo,586,16
iwfizdrgok,181,316
aswdzesjzk,954,180
ljzryotxfq,829,60
nlrambvkoh,320,992
ieiybyorpu,260,412
ysvxzzkvhz,788,529
bpgiabrgtc,652,54
kwayakqfvr,555,831
dhqnlztyau,768,488
vrmehtkxyy,232,753
ytlhnrgwcx,408,687
wybglomwkv,75,727
fwxxwmfuqh,611,203
atmimstkpw,817,82
hcpcffxqxu,328,389
zeunfyauot,784,922
iqbmiyurkr,666,346
pxbvsbkgjx,516,869
pukypfhiic,271,938
qbirriaiah,835,816
gypskclnkp,100,762
uataptkgvc,857,964
ivizcovkwh,479,537
ysdcbcemxc,913,735
jvnizietzs,657,691
rwvutwwpnj,841,364
ygsonteann,687,664
gaewivndoi,720,321
qbkciijkft,949,176
lblzmhhzgf,823,596
ypjcmgqmem,111,461
oxpzpuspey,448,922
flpdrxpqfs,979,77
gynmoasjyl,543,541
ksmzvpfcmr,807,810
rotxyhlvbx,772,576
avoytuwpdt,772,120
qibmcowniy,330,849
qchghdyuts,772,570
uaqzgdactf,344,698
xzbnnzosly,246,265
vehqppequj,257,460
seoopaoams,628,122
tmoaqvrnsy,617,626
qjoguhtvvm,197,115
vjysxhrkff,38,559
mdvvxxkgkv,757,586
ckckvlldhf,512,995
mdvgghhlyn,286,737
kspqkezqer,447,8
nxolvqvtfu,618,442
bhrhufyrvn,456,28
cbobsdunkh,648,826
gputgmvwfb,467,988
jnzqjregie,111,493
ptjyqaxhzu,388,748
zwfltjysdo,498,614
oepuqwxxvz,100,614
cuyjfrkymc,793,626
leixzffobs,707,421
yknfnyvgne,112,376
wmfbuwrgjv,548,93
cjtnxcuuxn,87,174
cxmciigkra,412,578
jsavzlieme,246,827
hzcjcmasah,288,570
vgtrabunyq,780,924
bwyusqazwt,754,882
zfarqpzuyl,164,381
dbnfsjoepn,552,601
idgmslnunc,3,638
oipjxiqjpl,970,939
toikfonodi,585,367
ujrjtdmxpp,373,348
izmdgpcgxg,434,850
tyrleuoaui,272,119
nlchrxhaab,441,603
mwjbuexvcv,203,292
yxabxhbmqz,849,110
ttqshcyoxm,775,251
gonaegodup,864,590
rasipwlyaj,134,856
qcprgebopl,385,789
rtxyntjbyu,983,188
