id,email,firstName,lastName
702,izximcxifc,lnsudckhky,fbahjvlfxo
464,qwmcwebbvz,gkklyrivmu,ytdimitzlo
518,mdkajrahor,eaxhozcjrq,rtogollwmu
500,zuzxqmjues,gxisigvrtx,lwijsjjzfm
358,vglmuiggme,jaxfxqqdit,lgzryrbhie
776,uiowmdkbaf,lkyaidyjov,wlfzenfycl
381,lfssccltko,kiediaxrrk,iuhtzzzvzy
683,inrsguohvf,ifudblbspl,txgedbdbyu
20,wgzfkjzvke,jutnyeyrbp,cchjhnxtuh
869,faqyxanjbq,lebaegyqhq,ydfzbufmlc
715,pqyqwwaaqh,cncvydxnwj,wdyzrzfvqc
888,ppkgkqfvub,aehmmynmii,idaxiejxrf
897,ewwaobcqpt,lwepkijjbj,cgucfuraus
674,glvnwvcgep,wyevfnftqq,tibicqtlpm
911,dkhgwokncr,mlwzhjrqjy,cesbjxlnew
907,mjtwixxzqa,zbgeyhsytv,tvnbtvyxvs
212,rmdypzqndm,kvlnzlrwhb,itdpeokite
917,ckzrujydsf,kolofhgovw,cjrrbmmcnf
537,kuxtmgqamk,zvpcuxjefo,esciwywcxo
918,czqptcgtsj,kdebhtqtxs,ouiphuvnxi
854,afdqllcwnc,hkimknytps,dusvzezqve
878,sadvxkpdbo,ejncagyqdr,ctorlvigrw
450,lmdxilnzvv,pbihaumpno,pohrvhgljl
742,tspstgauld,clwzddiotw,cliulypayu
646,gvzdmlbotk,jcxgnbfpvw,cvssohpinf
598,gsbrbzibur,yugcxoybsm,izyducgusx
962,lrwjdrurrg,dujtwnhqpt,ijmxcxqnzp
957,eyfwhygsyb,ilpnpqqcej,rqbfqrpbet
581,qvoprcjvpj,hijoqrnkym,qwnzooezlq
540,kzmypaiyxu,ogdalcvats,zsvlpaulcv
520,nyzayzyncy,ewgzhxpsij,ynkttxrvci
27,pcnkvjgkbs,vgkdfwzcbu,yafbbgytpw
802,eelybdndye,udpukcvzpx,scgmyvohsw
417,tanlyqcbdw,xwefhzedck,grqwucfsmd
732,mkwlcugqtd,ryayibkgqr,dislhgeivn
583,hqqsckuisl,osuxvathzn,vvxrdvbgcy
86,lvbxnhjnja,jsolvwmsfm,kfawtnknze
349,cejfjgwpsg,jfqzfmofmd,uxiumhxnde
79,koqusxpsns,gmlzsylnyx,dbdxwbgbnm
882,bhqkymxvmm,qwkewkbqzf,vydmlrzlgq
160,tnzlfhcwbm,timpquhwte,sjmjraytpb
134,igcathhnuf,bhfhcocqbo,ajyqxmfgok
913,zttsjmikzz,ujztefeajy,taiumjcbzi
571,iztjeymdov,mfzxlnlyys,gxbkaszyaq
113,ltqbqscjdh,kevrblkfwu,tzcgpdagwy
783,vprpxndeuh,pyiggefvqm,zocxgadybk
841,ylarbmesbv,nwzndzyykf,vfujqkxbih
42,erwwmrsbfn,fwifdmqpbr,zfubnzoakw
584,etkdsfypso,kfsnxecoqe,hixlpdbmdk
38,tycskvnfax,cdbzilgzlo,qzgskekvvu
951,xftgczinao,ueaypuywah,rbwvniumhu
832,ktsqxkmzmm,abudjgarxk,cuhmfijuyf
238,pydralcteq,sszsanzhir,ovjdgnosyc
371,lowylprhgb,eitkfyynxv,crfpsxmnaj
852,kxgqvyacsj,clxdiubdox,mpktwutulh
989,cwujftveuo,cigukvexna,vtfrlcjprx
506,cgsmvcbfei,mceetlgzoj,hvbunfqzcv
919,qigebgbzvu,khstsxknwy,srlncyefxc
648,qgaqiqwgmo,weuvbqcokm,vkuikgpphl
768,nwxxgcaiqo,amfgkswyyn,nseoifdnic
341,owdpqycrup,sawikqwrhz,fxdvhtnwbs
169,rnzvfwomrj,wfjztujifq,dqoeruuaac
810,wllyradbts,mlnjlzothe,psfkwsoqmg
866,fcslvmqkjn,enapbxpdfc,ektsnvifsj
606,ptkhrakcxc,lrwgotmugu,bnueawibwy
98,ngdhgqojpj,pbwoeikeuj,onrhdazfkv
186,jvztfsoisn,fpnoxgpwvi,iguffdpwtt
186,dyycagaiqg,qjggypbott,kjserjfnil
766,scgtvfpqes,gyftpsxgml,ssmslejljb
737,bahvngrhfw,qsusotamsp,atxdrxpttu
729,qdxtldgxru,zuicktgsnm,fqiaoybekj
593,frsrfjtcey,phmrvcfbnb,oyohehbqhj
804,utiseyyncy,szjfucagol,hgeegnxopv
295,aefjzxkbqa,ulnahfrrpd,gzpftsrzmz
863,oczfsdlvms,hvebpalcwj,oxkitstbft
982,urnrlthvkq,yknmeefvme,urqewdjnqm
257,mcvnjrfgkp,memmbjbsdh,poitsixpjj
196,ltwidgtaso,zzkhjdbmaa,boajkqesyp
339,weyzrltxgm,gewmpejjxc,igdaiqqorx
129,ntsvkoknbs,mpymqsahhb,pxbcwaivil
84,ecqtvyngdj,hsprhwsznx,tttfivccca
319,nkbcmkleio,maridgjldn,ijhkaydpmh
509,nruxzqpmpa,hqhwvwlrpm,geergvvbgg
531,bjtwntfyaq,kisuaeiidy,nakorwlsoh
358,rlcbzygqtc,sqiasoiciw,xwddluwyot
400,bsxibzepkq,lgznsbivxl,orgmgsimyc
694,vycufvsffh,kzwuabogfo,thoczhrugo
348,kqcnkhufsf,zasvpuknxo,rpwpigtnrj
78,rjyybwxbcn,cdtzfyzmds,csthboctct
352,kugilgfybt,nagfdfhqmr,ihwufkmnhg
453,udvccelfhr,ouxhfuevnn,ltsgpajeka
523,vsyfslfscj,jpvcejwpuj,lezjbudozr
389,jvhmujgqdv,pybpusxnqa,kwnahhayup
958,pxpxbzxefm,qyzkchnnny,dwhfmbvldu
555,xicbqszeqx,flimhytluf,bbdszxdung
617,oahrpkpsxk,skwsanffjy,gmqymrwgon
202,kogxamwdid,tqrwgpduxb,ewkkbtnhrp
187,tweiyrrirw,degbgyhecp,fligtmggxw
536,qudsedhvtf,mpcepcipqf,pzobyuyzcl
309,eyrairppnr,tqezzftepx,ihxzuffghq
918,dvgceqiunu,xwypbbczjo,hegiwrmgyf
878,doawpmblnr,qnevjdcskv,ovgthwzssj
171,jknrsgaywi,wgfgudhgmn,qrsuhriaif
759,ndhfdrwuuj,duesrrtdjx,sqducljrcm
288,qcslnqdupj,pnomdbrhju,yzqcngwuas
496,yultjbkimy,yyttynnprl,rnspwkvovt
572,vpmzdubcok,khfjvicxdi,haichnskyt
825,gjuczhjpll,zohzlinjuc,utlrhlhbpx
137,ihxiuvdjzv,vdfghxfymw,itmvlxbfnt
417,dffwjcacov,xqcbupzuew,vulsxrwxou
220,tnhqakzmjy,eivcfqujmv,pdvshjtyzw
96,jpxfsovdvw,atglhdyuvb,hdglkgsljk
920,hhbobzhpif,wgunjgxkeu,iuvasobfut
535,ymnnqusimt,eittczhifv,dnmpwdfguf
875,sqareunpgk,rqoebeujzv,orolqmunix
862,jbdzhrhqln,jryhlvcsnq,nmofqwbvpe
974,guyelmnpjb,xlbwxktqri,xjruhezvtr
717,pgphnezpub,jxpeafeexf,apvfecgipc
720,ljiropudsl,jsneyjjygw,dwkkxbkuia
211,birpwjerwd,hfieumysnq,dvfaqgjsuu
818,gqhledwehz,lzizimuwen,explirpnjc
577,vkvwsdeifs,bdiebuhkzr,vnotplgoyj
827,bmrxjvvjap,vhuvfwntim,qqygdteyqs
366,aicqclzshp,psldlfxpen,aqsflqxxnv
381,ygzidmazok,tnkpmziojt,vxjwaujokj
995,vnwpjnlkno,dghlncfvym,mskpcdpcll
893,zvupofwtzv,gvtudsjgbu,wkzmrdhmnp
624,yytqggtgzr,alsfpgsini,rodhcdsbvk
662,ujtovpkrpr,aeomewuzmg,sayfaimazl
556,msykfvbgty,mjqwtfdpwn,jnfqgtgovu
422,iraisvduqx,fnnaprdltg,eeyqtkqhes
344,cybnfjczdk,hocqrgvlbp,wvapeeuydm
614,fknejhkdib,hzdrctnjkd,obktnclkib
395,oyksbnwolm,goygugltap,tfbuicbvse
517,xfwefzpnzi,edcmkdobdk,psmwnodyjz
782,gdfovawcqs,faekeuhkrr,oyimkehtwq
500,ndhnxxldyv,fxhaxlcviz,zywkhwlqky
753,vkgaegjsyf,wbxynwzliv,jvbuilntds
482,lkcchybvpi,emulnbpuix,bnivuhtuif
691,hbxyxvsrnq,lznkghgmqc,jxgopxsczl
881,peswrqyfkg,wnecdegrrv,hwapzpsvsj
757,cmdrlgtdam,iviyeeudzw,mskznloaru
878,warbrmyogs,zoqcvobqry,rsjgymwsau
647,thtqlredpp,iwowfntcht,glhrccgwpe
36,jizgylgalr,cunfpnkadp,dhvidfvtjn
544,qyeztalmue,rpbfzjdgbb,xxbkzjttfc
601,yrrsfneuhl,kalehxkwom,pioyhjxthf
561,rjonyfccfy,xiueuvafhg,zkxckzmwzx
622,pjtfuxlaoj,yveafgihmj,kwpsqbkztn
538,ylgjkynaaj,dglhdubobb,nraxhwsrnx
458,icxxbelobw,aceokwgjrh,kbsqwmrcfu
834,zyukiojvai,tmedplwcfi,hlqpbbdpsy
254,mphrjnibov,utvtweyvnq,lslroeindm
994,nkhvotgshx,zbojokbzhp,xfvrjhshgp
633,unddkxmorr,gnvjndewlt,dkkjiclunr
121,kqdockasjs,zcdmqupuqp,auxsvaghwe
244,iburwqbgnq,gltpkpvewo,detwjfepbd
32,eeqiuwcxdz,jdtseysswg,yynoylxmig
7,cmwkttmsdb,cbwclpcyep,txxpyqckyb
359,biqeobuifh,emkworwqvs,zgamdvabzn
210,jkbdglvanp,bifgkovzdj,fzqjesliop
805,cuvntemavj,ggmfabnhan,vjwzixojkh
36,pkkvzywlfm,hjcorfemet,sviebfnxde
315,xqgbhmivno,xpyqapprbp,qhxyscqpsd
765,wfrnibogrn,ybmrceuenm,diivxynshs
704,ghpzcnakhl,kumwlwbliz,bbcnwmavxw
719,wskyrbdwmz,txzcaaptev,qlalcgzpxc
821,wvgopixech,etghlenkdx,uyhjjqfehv
752,ronagmyzpt,mlaknuluza,trmlkzhjpi
26,zojiqceemg,gidnodlqcx,xbodxhkxqf
680,mtbuahqgky,zoxfppumpi,kyatqaxkjc
910,vxpklyokhv,fwdxwbocia,befmpvstiu
776,aterpqucto,gftibkpkyq,ugowomdgoo
642,ymupsdfvee,qsitjqcdje,ggbngnuvbt
888,khcfifyzbm,umberfkckf,wmntwdpjcm
214,ulggvjqynq,xzmuwovkpp,somwbiztob
976,olfzdqafst,jqavrzbnfk,mmnunigfpn
337,owgsbhbkqr,dititcdfjv,bdigtnvlnw
375,bwhgnbggib,zwsmxfzmxp,qfcmezmthr
124,qxysumcuzz,hvsfracfbs,iiucrlcwcz
173,dsvvpkknfh,vnxolnifdo,tnxotwvhak
607,qpsiakkoaq,mlhcgvjbtd,dhmadgteic
980,ojxokinvcw,qsperyibts,tokvglolzh
385,fkcywybbed,gvsirqqlhc,gtqfnzgtvx
626,jeeyeazifp,wvizwlhped,ybhqjwreqp
762,fowpcrjgpv,ssuqxzvvfd,trecqnjezi
343,qsaepkgbqp,urobrxrwum,frgtbfwybx
972,kcppoebbxh,fjdltdpiyr,mxexolssam
284,xkgfjrjdlk,lpebqxqrxb,mhxpfnmvzs
725,yuzciqqrqq,bwhxjpkuyo,ooipntxjck
705,fdvkoauher,jujgwxrrxq,qafjxptbqn
925,tqyjknqlny,jkixxzwnvk,flbofojugl
206,rbmvkqbzav,ummjferieq,oauntnesum
910,egrffeaqwi,uoksrgjeyl,lshoyrywbo
570,xzmretoytc,cgdotfryda,dcaugukavk
622,buxefintxd,mewffhtqtb,njozveagsw
189,hwtxeizzan,jxtwksxisl,xxoduzwgba
461,cfwpoovaly,jpidzxjiel,jbnjikimpd
73,bdzfosrgxt,khemrgyslu,suatxpinky
956,adsneqgswp,sgkautjdjz,beckrgepbd
116,ofacricehp,tnponkaoad,acejeqgnnr
187,saxdmrisap,xvbnbnpoop,zknfhlskkz
438,dkvphpepza,kqsfhostod,xzefbvmnpu
641,whojcojgzr,oxzdtoujic,jqqrkawdev
256,iepsspfdco,vbouwhyqpb,mnakytcmda
623,mgemsrclhv,mqkeidcrti,wouyesifay
202,hgmeufpiek,svgmadfzzs,vvfrvtyvhb
53,erzfhhzyff,teynxoblrf,iifxtxvuqw
436,disdocbatn,gixumiapkm,ytxbsetbce
338,xsbgzhigrr,vpdrsirddb,zcvtutxoyp
509,efsdcwgfbr,jllyluelwy,dvgksacckg
255,etlmcybipb,etmoxpmong,wazldludis
141,uruysgifeh,rpsprvjeir,gmrdzoeygi
548,glzeqvmown,gapzplfdlb,jdtfwnhacs
870,tquqjnsicc,viswpituah,qpwprrjpsb
96,aahprpebsi,aloqyisvbu,ihbejreuhy
590,zjyoirxzoz,lvfvqzuonk,cunkozccsl
291,wwkqkelani,szchqpxqdf,tirpwpzqtj
117,ltispffgnc,tbvjlaovnm,yiyvlffxgv
247,peslrqflnk,cebqwnzngb,qdpxgvmplv
588,erjwdhwmiq,tbzznuctoe,zyjfuklpqq
130,nofvaqfxcp,lxvzynchaw,kuxjtydarj
899,lqhxlvxaxq,wywmomgtyx,whphdoynlg
228,durrqipfbx,jrwsweenfi,phmtjohdqa
370,yamibrkqju,ijtnhpcejl,bteqngodzo
879,nqibtkzigd,enidmdxoen,kmvellqyls
16,wsrstxpvqe,dsizukalct,mnybkarecn
529,xqtwziblvu,kfgkokzelf,rxfztsgkjo
421,vjainkhgxp,ivcqsecbfw,sgwsiebhvm
138,hlyricqsts,roiqorvuyl,tzsijjqzma
475,pcnabewbch,ifhottpycn,rbijjsfzue
371,prztmdkmuk,qryrvzftpz,hgfudsaagc
264,bmolqvivei,nwcqvglljs,vgyzxarxkd
708,qucdkdluuf,dllkdclhoz,okowpqwvbq
468,xbcmqghpmp,egvuyqpzyy,oswswazrus
452,ubctutrevg,axfusgqtgq,huemgkwsrx
936,xdpwhozgzi,wlrkqpjbee,fokixahwns
692,tczmesafbs,phejnyeupu,euhdygcksc
996,gzhgnmpdhp,hppiogjpur,iqppxaabnt
76,mzvznixgjp,zxaqepprbn,ueihwbdyts
88,tpmgktlomm,prccggrkzj,hwhnfvskee
323,fadfbsckzm,cmtefnrqjx,owkwaksbou
987,oguzdphkov,ujwpmohtpd,zmkfflpgiw
74,odptkfcqhs,kcekozpire,imkmxkoanz
229,kimsfdbatx,clltjaguzy,uenrafsely
328,nvjbsvtiws,oopuyyrmzj,xbyjsnrjxv
576,mnepvcgtlg,kcrizxcldi,umomysovyc
215,aiptlduvet,owsdrrdqfi,cxavawoxys
586,uoghvvgeha,uogloqpkcb,jhvakwqedh
980,wirwxmumxj,ucyunutklf,msifuonnut
867,kqnvmrpxfk,mjwyaexzal,blgkqsvfme
506,fsjixdwvfc,untziezxud,fbkiufynns
732,ykdwiwcudo,cfshxaviwb,gdvuqhqjab
463,pyybgbibof,acrkuysfga,faoaskesbx
533,ojifjdlqqk,ssliqebqjy,tutcginzrq
259,oujpvqetbs,tsuzaumozo,obnoccxctj
357,ffzcarmdaw,dxkplpfnmk,batagyrhzs
608,dozumtyqoi,hgolqfjbov,ccuzfqvfoj
678,nfnunirwpi,eirbkuaxva,hqatlzsccn
267,gmuduhqzbf,yuurvqmmvr,hbomihcpzx
285,cwwaafylfq,cevqcprxoz,bzkarrwfit
311,nztqssgadj,dnqfhqftwv,mtfjxdcuey
469,ulnayhkgbp,zxagtjolnm,wtcawzqdzz
522,zxwwonfmcr,aumiiikuxv,xcghyxcqcj
451,dvhtplpelw,mmrapjniep,kpyumrypwb
821,uimgnzjwcg,hqdtimbrel,wahfccifdj
698,oauiilbylr,nduwmycitx,ojkcyegrwr
103,ixjqmxselx,gejvppyccg,cipkpeqdvk
48,ddvnuwbxcj,qwgiqjevrf,enhzoazbat
513,bqnfcqdtbd,boswkswypp,jtofdkpxbx
982,kvbbyffehp,idugcqoslq,oxhgmvhpkd
971,rpsgmoswzg,ztatxmpghr,jotsijrjbt
827,gkdgdqdfye,jrpmkyuemw,qrgnjebczn
92,dqktiqrotv,smjzafzgpx,uwdqoecydc
632,tpxeajnvdh,nlpzeoqcgk,cdeblmecry
261,znyxrfizjv,ydanxqfttk,wybwmeqlnv
573,hxzljvdlkg,toatzgznip,fjbnwerszz
21,rviteerqqh,wffiacfape,sghuebruhx
977,scdbiynyyk,ihatbtdnel,xtimivyofm
349,aagitdnmgn,nticgpviry,qntveqggqz
477,njvyaimkiu,eehljqexvy,uwzbzbdtdu
613,qkwdnhxjvi,xpyxqdhhxp,syrchofymm
905,urbnjizyws,tixuqrsybq,gmykflaxfu
981,hunkxbmnfv,quhovwfkev,vrzvjzogeq
484,jpcrxvpfev,judjpxuolc,cgmwlevszh
292,boxcphozky,mmhpfqmecz,nbypskyxow
575,ewaekiwbxq,jkkjqgsgoh,crvuezkywg
522,scoylmahhb,ojandpqshg,ujyquunehx
561,zszjfuxcry,afbppogxtl,gtneftypob
832,mehqcnqhow,rlkalelfcb,ewvebcbwme
363,xgahoynemn,gcehcppigv,zpmzuwisdc
214,gyklilyqrj,uagsynmxth,dhfhizjsig
117,axbnrsadeo,xusqpfjorg,owkmmxlxkn
12,hbhczlputg,qmowwrpdwu,csyrcrsmzj
190,fgkzcwhvgw,aupvlnktgl,umuwdvbojl
569,kvgwwordiu,bgspmlsuzz,hwhqibytfx
535,ewpclaxxsq,rswhaxigzu,gsugukvwpe
238,dyxqjygvqd,cbpkfnzeup,gewlicequn
640,ancnnzmtox,sjtkqvzoke,jnkmjlhpbr
402,bfdqoplqrc,jzdowkygaw,cgcjftlkgd
512,ukkhazqqff,zapxiytecq,vyfzitkvon
126,zqefrurznw,fpadvdcrxv,rdrmvsdjtr
440,forhttotgd,qxpdspfgzl,tyxybjkyic
170,fxyakloeid,mqqcmytkdd,fcxxekdqum
79,vzffkaqqno,arugstfppb,dlmoantofj
589,oswyaijnhs,ufdmfezunn,wqintuiijh
246,ognuggmkjc,grkpuhtwrx,rukxikbxrd
608,htlhbfjppo,bemmoqhjhq,ncmnewrjum
445,aynxyobezk,pwppiwwhre,qyfkpzwocj
2,cxquzwsicj,tyhvbtnxlo,wcetfjxzao
123,tnpafzdglb,znlrdguejk,ikcudujkpm
916,bgyirowmdc,zesfnuhsna,xpygygmopu
921,zqpufwgjts,hakofjhfrd,llddalcbwm
702,xwmxdjlpjq,ndypgpotpz,oegrnepcld
823,fguiuycotu,ngoyazqkkj,udiadjnelu
328,isijrezxzg,hgbscpjagx,nxehhqhxkj
548,rgwvkrfqbz,xokuvvzxay,lvkggcysxv
1,amfabwvnkp,sfpgmpywcb,lvrriuooor
49,jxbqxyiomc,gsfrgfdnzy,vgdoduccsf
441,meeyhndhov,cqyqgmwlrc,edpfhllvgg
557,azrdxkxgiw,svwbdwvamu,nizvveblcv
177,cowxiyhjkt,xuqlmcaiex,mqceaudjtg
177,qveqbhgvnx,pelnuhyzns,qkuuclllbw
121,cwdicujwxm,xtylceqdlb,cfijexfzcy
365,raloparwds,imnwxqeymj,yzmvosbkbz
521,sfazxnxzer,oyqxvrfiuo,kizyikdzbb
160,rxwvryvcfk,kqixxqpkfg,hhaejieamd
536,qpjwzmexzd,phubnnevpb,idmwznkahw
779,ppeuklqstg,jwnpymhjml,bncebdgerg
567,dqhshykrdo,kodlqeyiah,oglieejrgo
334,reppcscixz,jbwwutenhh,owofrsluxb
893,jjefnqlers,nynlvuanmq,wqxmdzrumz
672,tdmadvihtr,saobowwqvh,thzdtohhvt
923,ggqnnbeapw,qsofxlyxrv,tbapdbrucs
106,jbgixyidrh,ptgdurqjmb,ofjynalwlo
137,mtblunhuui,gvqtmdtptl,zwezbiumqs
355,pwwndrorws,zffyyhbjke,nocodnanod
638,uozmifynlk,hqhnyrepbx,mepehowvgo
596,ajltvwwtak,ulfhwdolmi,gvgeffwxlf
315,gthsvmxdtf,nzknhvzybg,xnhqzofatl
709,glvwrrmbks,wiwnsppeup,tdhisnftsi
159,irfipixrfo,dlduozlnfc,wgnzpqqbyt
917,agemklbxgn,wtupbelkej,jlgrbogegv
3,nejzoqwmdz,bhsiiobxjk,jqfdngtldm
893,klwfftpwbs,yqbafnyuac,rypfkgbvgm
815,vobszvmjeb,duacviworl,jsbrawmplj
829,pfwwipahok,ykraurblfg,tcutgucmer
242,eykzimjtfh,pvnflklfav,rfvcicfupc
508,mvhoimbbob,gutivluzpl,onctiphmio
589,cucvtsfcmk,zypnlasjgt,fpyanlkuxt
707,mkbxovxpjy,lnojmpjvmb,fgjxofbkfn
952,xajtpltnag,auwpruqjxs,alqipjqash
521,jqwayjplfc,rhxjrhoujv,chxbqtyqvp
58,wisfgubbig,sicmrzekep,hkpxgxffxx
231,fgnoougkcx,sxapqprrej,fpuydjgpos
844,hmtugecmjb,nqcbryucdj,cqeafgbrpn
317,ohkeithzqs,ioksrkfjhi,jqofxzewto
390,aholngqzeh,khuyiyrwws,mmuxiubmcc
674,kwfagzonra,fkrdkmagof,kksnqnsmgw
367,sprhzkerdp,jgwseuabtt,wjfhtapmmr
119,hiujvbkump,csqxewwfpa,uawrtbokim
632,niabjdptxh,mfrgxwuzur,vurnrbjxzl
812,yxvkjumhqy,ftpqiodjey,fjyvklcuyi
544,lzsnfgiprt,hxpgfzthew,ocqaqrzpng
600,duvqgktzax,xaxpkzqzme,uoxouwmtbk
88,ysxijhlcxf,eqacywsqlj,nzljqpdjgn
20,skcgsohwei,sqdnxtpnns,xqzxynooly
576,gztdgvorgc,qsgkvjspnr,mafmlgwvnj
791,mvyslfvmrd,dbsemissdv,mpkudylrgq
559,gwgvcfjvdf,zzltozgxjd,hmukztiaei
258,lgqryvpldy,lemhcgerxl,swconootof
654,evyepuapal,xjuwevvmaq,rhmoxvlxbr
965,biuksrqiya,dilbifumnu,bmpgwuwpri
564,izinlbdznn,bgdzxeentk,jqekvueiht
215,gzmxwygqvt,vxhlogmdls,vggbwlbeoh
194,xktxwvpkve,flelyfbfra,riuzhlpyar
673,decveirfwp,jzywxxielh,aqbmbvwbzb
680,oqngnyedas,ltqxisuqph,tkccitugue
211,cmnfbmzsdr,nkkmeuehaf,wrahwhdkwz
357,pklhieaawc,topwayunvb,wbepeknmhg
148,ranutioqtj,fssckuxqis,bkmtdgjnci
306,uagvzagysn,vjnmyixtqv,itznfrgxrw
981,wrakcabawt,xbpbnqqsfy,upfrgdcatu
311,nomfnimaat,xlscuvpgxi,rrhmbtwwjf
597,bresvqmcud,cmqlytpjgg,mkzbqnqerg
771,rcxkbwqxad,ilcdcokdcf,xkyglbnkam
765,rdpbskdvxf,mfvvyqmawq,cvkcauhbaz
23,rcivxewoqu,ztmyibywmr,oudxdynkba
957,cwirrnnmpg,xkrsvqygrh,cnovuxtwcs
83,qdtwxkmfqw,xoawocsnoe,rewpxshiwv
36,pdlyhpebys,aimrodxjru,hharmrxjnm
110,pnwvvznjzc,ktqxdsswtj,inhmtmrfab
355,ilopikzjjp,nhltwdbqoj,tridouzrah
280,akqvodqpjr,pjbnhzsdcb,boefdztgrh
402,muuwarnmiw,khqqwgioff,liyfnffkge
683,ubzqrpcxgm,lbxxerdhzg,dihpedloph
160,odxrzzzctk,dqzrzhdhxl,dvfsopzuso
957,jqeedwlydm,wjgjlxbibh,cjsyyrtodb
54,lbxtpzpvps,rwwxbyaksz,vddrnscjet
630,mxasvkovsb,vvsuuewmbx,uegxjsawjs
843,byfrawrjel,ogjxpaxugu,bqylkvuhnu
856,rkqfdetdna,lnlobsgkvr,jczlyzqcth
8,mtiwvebgck,owrxmmxggg,xppywwdhwo
713,ijazgzybya,lswbkenlok,vrbzhnpvwc
749,sxgdgmtidf,xmiyuysxah,qrxrbhixhc
273,bzozlvwxlg,akzeebcaak,jkjfiqadnw
465,jskzzdgjux,vlmlatwpax,kmytrwmvfb
849,asgskvnmxu,goeatkjelc,puzmcxzmaa
933,xjbqfcywdp,vdxubuvhst,lxfmnprwjt
753,qmcrmmfrwv,ooksrncbfx,ncvdozudqt
153,bhhicerxqv,xccmlkxmji,vgznpmxyxr
848,xcjoitnuee,apjrrryuhh,uhtlewvtkf
76,fnbdstixai,wddkmaeetd,ptmplbundq
231,bwlokzoyon,toxvefrqsh,kbinvxzkcx
159,licwtwnrmx,armhzinaih,dkxtzqjpoo
270,teiyskwyca,vigbolrixa,xjkpgekptg
881,ufrhwgmrsp,uuvmcnejjz,dvpixqpemw
300,dwdsjlqred,cqasbkgdvn,zevmdxsxey
563,eeilthrwwp,vvarnmhgrv,ccxfezgwpb
682,jgezrxriyt,ajwxdpozkx,eaepzslfgq
165,lfvlmmidgn,otytppbimq,ulygyascyi
911,jftuowlpwr,brurdtkhpy,lqdifafdnt
326,xqiltqqqdp,ltxrcvqfcp,rsgrtoedvg
277,zfwibbglvx,eowyodaybc,cxmgiafqja
535,xszmselaur,svorilwoti,laczlzidnh
553,yitagpmfzy,nspxqleikb,vudqedlzig
952,jdqnwylapg,jmbwnepsqg,shdkhcutbt
990,mtqcdnbpkn,uwdtxmdofq,deucrsdqcz
288,peanzbedwo,yncvzgywgs,eqrahsigmq
546,bwupegminf,cummipvnlr,uddrdtgclk
112,vqlrimmgcc,lahzhmfvzs,qcrjzsxvwt
869,nzgerqprgy,rdsxplwkdn,eyjdylegqk
807,nndnhxgbpl,neolbtmfpb,ovmhsnbqxq
681,xgbtrqojzt,rcfjeskaed,xmmqofdfpe
398,usdmfapljx,smotjjisbe,cenlklauhu
475,ldlnahhzad,gleyttxbar,odouupdsiy
933,qwvldijtsj,kltgaanfvo,podjjmfoar
222,zdrlqsqlbc,sbvrlnwamm,xaqtwhclkv
955,opdqgbpkdc,guzxsblehw,lvgybpqrfo
192,aansenielf,apimqclqvf,migpwzdnlu
521,qytuufglyd,ajcmtogjzk,yqjseqrqqf
842,ywehuddtax,uwepeowljb,tcydtzyntp
351,zdduxnuahr,erjzfbwugz,vivuekcjjy
971,rkmogzrsqd,cmbebroafp,mzgupzbqua
404,mqmgridnus,ivcwcntxom,icicczrjvx
556,dgtyylbasg,usnfrrjqcn,qnvkcwrdrd
969,gzwhwzexzj,nztdncyrlc,gbribxcrqw
5,qopecebuic,flyqvmbzjm,rnroyqwwae
949,fqttevlybr,rkmskcugze,cxbqunmfmq
461,pyajzvjjyk,pvovfpqovd,lmcfjlodvd
681,cnwcwpcbcm,azbwdtirui,zpttdoecfp
677,kytsfrlimd,qgouegcxce,tahgwqbdwr
877,oybiytaqvt,qnfbltmprf,dmcibzlthr
988,dvwhcvubiy,dcsuqyaoxi,rmqttbhwjs
64,etmlyhhryb,hpgtecviuu,epewivbnov
596,jvzaesqjno,csorscyhpq,dtbtcezljp
731,nbnkfnfnpj,wtrrenpfyf,mbsepsplzi
274,oyqcamtltv,dbvsrewwip,voqnmfpkgb
869,ysxtxosdow,lscnjxxtzr,tahuybbbvf
537,klolgvlfcr,uvhgwrjghc,dwnozeqbue
384,fdgcmqwank,htztditgvt,onblvlccfh
951,xmnraecken,hnajrwbdzz,ghafhugxmz
689,szwawuoldq,guobvbldmv,zzlgabsttb
676,tvxujdjtoz,xyeayjmxxh,ikciqjiluz
27,iatqixmkqh,rgxhvbrxga,omaddmpiiv
649,gwbwdykpio,wnfshbgvkn,nowopkbuyi
196,phrlazykup,vgdqhjlfgr,wxbnharmfu
702,lflqedscec,ccmqupjkgl,kppcejwxbv
189,txzkyliotx,rnggxfwmmj,klndgekmqh
3,rzpyiejrhn,wurabokxsy,patwpdoewn
21,iczxlafzaa,ryunkumust,gomaontrqi
207,bunxleydxa,wsevjjtpfx,monlwbjwpd
117,mxkpsnjzvz,vlxcaxnoor,crrhxbocmo
355,hsjmuzcuyu,qtasieollt,ushylkcyvk
36,wuahfninux,llynhjpfrw,cxzmqlpzcc
878,kugvfsokyw,wyjxkcstpf,gnstdtgqxs
116,brsaiafmzm,jxxeubxnvn,jfoenogjqz
769,lkkzscwkbv,ejlqeuxvqx,chozqmtjdc
786,kuztzbiekh,dzcrbxzfml,mifawlyhvv
996,gkpdslekqd,ldchagdtzm,dbiqcgwpgr
433,frywlzvvan,aerukejdwf,pabccwfbbj
230,ytmzxqairf,rvqdkhqonh,mebemaaupm
631,fmmwlcqtfy,qdqmzbfvpt,ustbtidkmu
464,ogyypyqjwk,yzuvulnuys,jqsdehsmhv
349,ubbirvtyaj,fxkbcyjhow,kxdadulzrx
593,gvvjqtyzsj,rgmrhacura,lkvleldryr
794,kcbifxrodx,wrzpyskqvl,xesuqsmpot
602,uvnfggfavw,dtcyjwtzhs,dxoczldpel
335,cuexeouavp,pvwxhczfbo,zufqocainm
667,ndktuyzute,qmnfsoutst,cqjneumixn
27,mfhkmtwkju,smbjxdqtye,kljyhlrxgf
468,bxvtukensw,uunftljvxe,cxejlmqend
448,sqhkrowxgy,jpohnisdgo,fjnbuhbxdn
516,ushmipdosk,leqgscdgdx,khbizywgmh
931,xgognxoygp,tfbgnloqrs,qrpeukzkpa
995,bnsxlxsbgi,ulatucsrrz,ztfxdxwqxn
319,yheogscldn,siedbvuuhd,xlyeyrugux
346,etcmdvlgoa,qazpweofox,aozfrefryz
66,zycijrctld,cxwsxnerxq,xknvyneaap
457,lvkkgeecqo,ssujtggigh,cxalmgwwrm
901,ycoazmstir,fxpibjlezy,ywocjpfibj
72,aloseobdne,rddsqsynmo,akqhrzprbe
903,lzwhpkexam,vazcyunhzu,mxgsxygyag
478,vkebtglfrf,dhscgrilhf,kcwoncolgs
209,vsmxbspmic,jbyuopwsbe,hkyjzcbfta
236,dzpgwlhckn,xkmnznoaxf,grcliifhez
18,vhiramqfas,fdbvtdccer,fcbghaqnqu
529,iclpvkowap,kbdsdislvp,tohtqfsfhp
732,rgxtkbwzqy,oxaneqkyqk,icyedlxamx
278,oscbcciqvk,ikxnlffloh,lxrfrcxgqn
420,pznwyghdzc,asrmzlwyjs,fdiodgrslv
43,xyopufssmo,iwonpdpnva,uouhdglvzc
213,eeacmsatbs,cwaoyrsftw,bbntpoypzr
343,izvmkycwve,nemwtaqvvd,ktciwcormk
653,mnztjpassy,jwpslonowe,zfxyelumwq
467,louwzqalsf,hugmvpvqka,jabtvdazra
109,zsktimnlqj,glbfoagwtw,vkvroqqhmr
142,ehnmeipvav,kbggejkxlu,aogoizwzcb
380,bljoeckfwz,pfcgasmfob,ezxgzooszg
593,ktirggvibt,jewbextqmo,pfnazxacwa
883,qhyqdyatuk,objsxcsggz,cqxwxrawqi
668,vlrxpnaslg,mkpabdczqz,styureunzs
513,xwqohvxtob,dowdxcfcpr,awtrfcgegm
374,zbxcwybrul,pbfmpizbxk,gzlcowyvnj
712,jhtxchdytq,mpzshjxrkl,eknflcmbqm
520,cgisevnjaj,pmelatperh,jrhfykiofi
357,nxzxqzrrlj,lpmibrlciv,ucwuppyyec
970,gfuhyzqrks,skuwhkwuax,flujjjnzxi
435,hiwdpkhqeq,vllxfenikg,ooussanmpx
955,kxclonpyst,obfeosgwex,ktysbanvhw
504,ujokqehiof,wddkjwbyiz,ekpeefmjqp
316,ulavfibgsh,bnkswegdgx,oldkdcgkga
820,mvovjgsydl,wfsgxnmvol,xjwstayopq
501,erghwteklf,nfxvfnuqwg,eipfppzild
73,tekkcdacto,ugewmhkbcr,dohznhbyzl
573,dswtxjjrrw,rfartscsyl,celnraktek
645,kxumyhlpjq,akhdcztpev,mhyhmmkbta
725,xjcqtcfimg,rhatgnsgjz,yxpvgslnct
640,fspelvfubk,cnctzunyis,afddtxpalb
828,mkyepidict,zyhuudcalp,pskqioacwg
691,oflvhvsodp,ahjdcgzjpn,abmlslpwhy
411,mwntsyflhs,zrngullxep,hbyilczjil
942,oasgwxxwgi,pqqgqchump,coaxxdiiyr
266,hkggbqlymb,ypgkkyjoai,eknilhvwvs
649,mhbpfhwyya,vrbecvhuyz,aarjmvaces
48,crmacunwje,ihmdomkxrh,wnzzliqwst
747,wmbxqbxzne,iicadiiypr,hajorcvhlq
30,hkpvuujves,nzwhemjvoa,joaypfwoul
876,tjszvtyszu,dtsnalscyp,zrrtxzxmuy
19,olagfmrokk,iqmnwxavxs,ycvljnmizi
94,syvzusqqjp,dtncfjjkri,msfhhxtibg
696,qpiesnmunm,dvwjhdxsqm,axyhlryndj
879,lihubjbizc,uoswjxxido,kfdhtihiej
181,mhfsvzycjj,gnjbmshamt,gznrjokiov
711,cbgnzmzgxh,bulvfaooio,vvbdurzwdy
337,ydgaqtjzga,hvflsglypq,wboocryvio
199,zerzmgvywd,llsmctyaju,zzrmdxpjkm
37,kwyvtjqpyc,yvupnvlppf,lhudcvennb
927,aodwboftrv,knpcmggjhy,tpqjyvmaqc
769,uhhacsragx,isahuzomyh,jhzqjmbzgx
695,mjpnyjnrcq,ivcvwivzfj,wbgmdwulnc
332,thdbqcmois,rfdvjjtsyz,utzkgudkrw
606,pmrbmrzkrz,vzuivsoidg,bbduxmxnzi
335,ivdrfrvycm,pwunshklud,dphupyqncr
820,xqniyzzpum,lexehgdjlo,qbismykfsc
18,kbdnlxdmvt,dcxouyqmig,ccceiejcwd
59,ovbclaepgp,xgxinrbmlc,gjpxojainh
860,aqdevpkxxk,jkqanhogkz,raahfgegrb
449,aihmzbmyec,luwbokwldq,taswebvbqn
525,ijetluooip,fgqmhwhvzt,apnqmglyda
566,qrpeanxtio,fsnnnojldj,qyjlqbdmnx
111,jxccnhffsy,lhhnfiokhd,zevhmoanmq
571,yuayeysvyb,dawrtmwdmo,hqktdwcalo
248,jyuwlbjthl,bnzprodagh,rrztrfgrvy
432,gtwxfnypzw,jmnyweyvha,gbsfeohweg
472,hjlifkhtlq,mekzhqraca,mqmqchljyd
509,vmjobzhlpm,ybywdfosts,nhtlecbcwu
1,rdevqnhkhf,uakqlrrylp,yhqqbwfwpk
49,blcylcpyyz,smrgzwvjys,khtazwcddp
745,fuzlapuzma,nzshzerdku,gwrrtpmgkl
852,msdwjtmjiw,nshbyptxhu,syddxmqops
48,nrsnnkoyon,ufqudmeyxe,cqqprmsrvh
512,axinfzneic,kyomnduych,pihfmsoejo
319,fnpaefmuar,bwasakbjsc,chbycfwlpt
907,axtpaxfqgg,pargfbargn,nittgwuidl
726,alaqbdhyng,yohiugzgwz,kpirenmcur
789,kgmwsrnfgd,cnytcirxnh,qcbnomcgha
764,ekuetvoceh,zujqndfoja,shvxatymkp
311,onmqximpud,zclgsaowml,fsxumyazhg
458,nqzzrwzlyp,gkwoeirjhf,fgzurbfeob
921,bdbcrfqmqv,zrqokqprud,cscdumjohf
824,cqvekwhofy,lpokzbqfkz,bdixsingkz
771,ucdcfegilq,qfrnebupwu,jimfftxrcu
901,phnssetgef,hmzholjvqf,znuxqpobeb
980,njbvtnyhrq,uvvgutpdet,zofaibexls
714,txamptiwsn,vnuwbuyxof,dhcxuxukrw
548,xhvilxhvle,iaoglacsmb,paizzhjhay
215,jflglfxkui,gjjjtcmlia,ipvtsezxcc
637,jlzpkmryrb,pvgytnsiij,jkjzscmyul
619,uqxoubjpql,ibcdqpgban,lehckfgpbe
37,xbfltiujbe,jwflgmfmeb,npqatyzyej
822,oznhdnkynl,acixsyjhzn,thuljjvffp
900,wwolimqila,pegncfctsc,fddlduemst
234,tjjfuhwfmd,nsrmogdfln,bioxvyutrt
379,lhkcxltyzj,igzxnbjabj,qpibvxtnks
37,ragmlnatrs,tmlotszqqt,xcyhgjcetr
970,bexbowsugy,gaauomahtb,tgydlyejzs
599,atlzneqppm,nxqsrjyruy,sgxruhdhlg
777,ijliquraei,tttirmhvun,smpefcaglm
338,zrxpgzsqzs,wjcbhuperb,pzhaxxdbvu
831,qsgmkcixhr,dyugcdmjlb,nmrxutansj
275,ssookpsvep,jsisqvrkkq,cwifsqelvq
540,lspkmckofc,equfadmnyl,bnfuqflsfi
693,fxdpblomzu,dnosaolsvs,kxbwzkcfib
770,jywoygrhmg,psxijwrptc,odzpvzzlqt
670,bxuppolgmb,umobbeproe,udggsewwom
231,ceipnsyrnu,kygyjhnxog,ofrjuptptv
863,ybkfdioqyr,ppdffdbpsv,ddvsexgnhy
459,hldgxlcfzn,zhznazwlap,lqtodudamf
167,yqrnbhguul,exzouiunxa,tdwktzvdzx
959,cwqvqnycbv,kyayearzlm,spfeisuint
127,lwhepmfhmz,ezcplnsodv,symzbhlpsq
155,lsebwvwptt,ndzagramfs,rhivbjwpvp
679,vcchmhkidf,hkmqsuztwv,ajpnacjxjm
286,xdsksoquey,tfcmcdvgnd,waqfiojzqq
734,fpwioqhmar,tbhmpcxnor,ndfgexklcy
450,woxqoqcqou,bhqievjhlo,srfncwzfks
621,lbemxfkusy,mkizaaesqp,jllcsttqpq
220,qyjfwusqeg,uynxptbknc,nvepzecfrv
299,zziwhgqqst,eqvytjlfsi,rlvvfgdynd
823,tsahaxpvkt,udhsbwznrq,bzhwxtxbes
186,acejmeltmw,gqmafcclmf,dkjlsvkbag
600,omezmkngtw,emypsddlxq,kgiamnqqhv
535,rjcajtbwtq,ahomhbporn,tnnftftakj
418,fhqvlyujez,uklnyrvajv,madwnpxrqk
829,nlnnwoljkk,ighpefftdf,mqvafurgva
987,ukxlhlnyev,ikexdteuuc,kwyoekazaj
482,bqlzbhkbpv,njzlyjafkt,kqdyaxcfgh
468,jnrerfsgfx,lkheazvuue,eeoipdsztm
902,wrmzdzurhb,vjmfcpujaa,lsascttovg
436,awevrindhc,rpyjnoolzb,afburrbqrp
531,edvfaukcxh,mrsoekpcfz,hbkhsxxokh
333,mthpgzuuix,ggpgwvbusm,cjfzioxeif
998,uqmkisxhzg,qhezzzjsca,gtlegcrwfb
60,fnwxxkjnsk,hatqhilipq,mytamhbqin
506,fdjrxllqtc,jgkdrlrbze,jzqfeaqggu
435,wtvppcsybw,bkiodmanef,rkngxbcfcv
533,ijmlfebcao,slgqbtvbqy,mifxkkcvah
810,xpyqangqer,ymvmysgqjp,rcdmfcqfou
248,fhxpeyoucz,vexjexxdcp,pnwxotnopt
561,jsdzaiualw,ytevqzpkvk,jrnakhxxsd
330,vwhdnmlevq,sgjnlmclfe,bjlspohnbs
111,hxvxddbtir,dmtuswohab,rsbzvbvuod
220,lecaphorks,xjmasbaoxb,wujvdrdlrx
725,mrafzuxwyc,wcegylnkgb,rgygfdjjey
638,daedhbdizh,jvgxfzbeuz,klsafhddbt
50,sqwjutpjjj,qxjwipqiuc,jdktxhwshv
527,mzzrzhisgu,wgxngbnqex,nxekbhqobc
703,hriqluujrc,vyrzwbaomn,favftcqguv
280,prbrayndjq,sssmvnyygb,xkoyubrxet
164,hvkdsjolom,tqubgndzsx,icobkxbstf
944,epjvtwmyey,exxfujxuqa,vzgsdgmylv
64,sryupdiehx,nnospspnkn,gsboesczle
432,nugnmscoit,qxwaukgasb,rxovzdnsmd
196,mdsahzfwgj,buxdnpwhcf,dpsbohxgzm
312,lvacuzvcfn,ceyzzwtybf,vhcgjxiocm
8,ygnqmpxurt,pkigiaqwwu,dxhwgfszro
264,ahkkiojvrk,idfytzdcbb,aaahtldzwy
107,cxvjmkijzx,hahznybtbd,jygwwcrzhv
367,iifxzulfnh,acjtnfkbaj,ycaxpeekos
542,cimyrplxmh,ddmusvwcvb,fvsuigzfwh
941,mjjdsdpfba,nkamfcegco,honqncspul
288,pdqxgdmcqp,isjdrvqukg,dsjsqcolmh
387,mlmqpkdrzq,dmwgnfhnzx,ttsoarxkku
794,vmzlzwrqxp,djcxakmuvh,suphvvoclq
745,icbffwbsbz,yygsrifpmy,lxwhhutiiv
836,sqkvovlxvs,bkqgzegiaz,kdhkvgoxuz
63,cnimofggdn,hpmcsytxfs,hbjxkjrnrf
325,cqpjzluzgi,okxmtijazm,ldhekqkdxb
876,oxrofykvcl,yosvgcpgiq,rcyqrghvtf
46,oaeqkvghrj,hvukimjaam,lrroizelic
625,zthuotpdok,duvqhgtgkz,htjjbjbhwl
239,wjqduwnvok,gzlwyqvogb,uuvyowkzbb
581,tccqlyjobj,odjqwjiklk,bxttoytqcx
303,qsdmhudene,rmagwttejs,kldxgaoiat
913,ckvdwxclsl,tsalysoztx,guuuuyxgfz
311,kuloukfjlo,zefwqiijxc,gzmoqgsriy
565,eshqdrtaxw,fukctjhqcx,mzbjlrukah
166,evfxdxrsir,qouuiwbhjv,huomtdnytj
784,gnddfpgzen,qxzwldhwan,hpdxprmrvl
189,lswbwlhoms,wcsteujfsa,uvxfjhienl
291,yntteecznp,wvmecfejyj,wovnnxdgis
268,hocylvhalh,euppmvsemc,dxoamzyowf
981,olfbybfccd,whrkvalgik,bprtlhslsq
298,pkaascmcet,bptktnoota,bntccuzjni
775,jwvyapaicp,pvqtzjyowt,etjibhrfpu
480,tyzrqykznb,rzitxdfyxy,ahudpgeguc
121,jfrpmcqrzq,qliigibxwl,btdzoxczzo
438,sbzczevtiv,uepcwwxzdh,hktldufptn
602,qdkkeaqbxn,cytxcktezz,qmzrynfzwl
395,vaxsxwgywi,mckttahfoe,qbmozhtnpp
19,wgoayqulza,gbfgygqabx,mklrjymqfh
272,fjujcubyub,cvdskqbhkm,xsssalitez
436,pnvmeazrxj,qzomeviqme,hqilrkiyim
364,qobyqkuwat,tqwxnpzuph,yfvrjrgbct
164,ovqmvaadfc,jrcxufnllp,tbbiycdxjg
112,evoqwahrgy,znrvkedpyw,dcjcabxori
476,naxrxkkmpz,gfqxexrrqi,hvrnxvpxai
772,ftjwrkqkyn,gwjcnjxfda,tchrqvfrrw
964,aroasycipk,gumxxgbnjo,fvesatlxxb
575,drewmjawrz,bmypfzgwar,scxshnhzta
779,knpeltxxki,dxaizgxemw,zspmxxdoji
658,qhnbxybiyh,sjbsghgdhd,mwzmmjhybm
410,rfqiutxvir,mhndohlkdt,zdsyhibhgo
797,vcakpdzwfa,lfeucmkrva,nrptzrzndc
536,tydonpmonq,yfvjkzyobu,lzcmkwppwl
527,elygefrdwg,cvlamjaeug,umgrksrzui
142,iodpybpuqc,fnewdokpux,gabjeylbqa
89,zvnaijfooe,aeebnuypiv,fycajzugts
684,oyzyloyypf,qiwpeyprwd,wbcrddklsu
10,tgpquuntpb,hubwcogbgm,cndiwwomur
121,trmepyvhqe,ivrfhmtnel,kxsimcihkb
619,ovjruwlrxx,zyvpoqcvbp,ainycatgzp
14,mpilofwfbk,jokdrgbnkx,suywvmzavy
972,mzbiamvdsx,cnixigdipn,migknkqaqe
650,obyiihplmz,fkhwijdbmw,vxwpexaqcr
756,rnrffdzbjw,yculgxdmeb,ynnzbzygmt
38,wkqadbbwea,hqocvfzdiv,wrsdfylits
484,kbdjikimct,avpmzqeaqd,ggayknxjgp
370,qhtfqglprw,dgwunprbod,ylqzsuwwwf
548,jqbdnqlvtd,sdeiiqklgw,ilbdhjnzyn
189,bpzhnxgvpw,ljnbjtdkxf,ukooittodn
291,idyiezhrqa,lpryeqcyjz,lghruikwkm
280,ymwmitsuaz,mppzvnkynt,gwnyhenxzn
386,xsinhoqxdh,fjybzwkqhu,inerzhjqpx
971,pxcmmogvvh,amkvfzohuo,nalkvskqrg
328,exbenaphxx,dypjopmhao,pggxtfvjxs
781,dvbdpjgzat,zekezmlcbh,mvsntqosxx
14,agkxldvisi,mfebcajvnz,qnfysagaye
543,dosshxiobq,rzusvzquyo,bncitrpcld
316,xsvfrumzrd,pncqrnmjkv,qenxwvqdlq
441,chpfienfvl,ulccdjdqri,bxpdvtxmqg
569,uqimlizbel,qlzrudptjc,lphlxtwwgi
778,rtqoqdvdwz,dtofsjazeo,paqtchrvye
390,zsvhwwlxvl,rzmnkvkrcc,vtzhbkeizd
586,wtduwbgdis,cwngajxphd,qhjhnmtehy
563,xtfomeqvqq,kwtiqjtbib,lkvblzceou
147,eylxipnari,jmbmzqkhru,ezbemgpwfm
455,dsolxlixry,nxaznmhbzr,ltqmxxybbu
219,zyanoqpavy,fkqhszyqsp,zuwjwuwbgt
67,casdtsscze,ocjfjuxoxm,gbujhyrezp
50,ysypxwqapo,azsyfgzzor,jzoiabgebh
526,crjyvdyqcx,mkasvntost,nwhkpfnaoq
122,lzqmxexdjb,fgpmmmtxsv,mdpmoaxack
817,sitglwgjyf,laipwnlyoe,ldbclgqhqi
105,idiqytxpzl,dtmqnadqqz,gatkpkdphd
596,xcdnnyfarb,dhxjasmpwg,exeiiffkdi
863,dlucgxsfua,jxfnxzbvwc,wvtgmrutbz
590,uonpzrxsfy,bevrctwjma,qybzfmkowf
421,oeudlnlacv,dtodmgzbuj,qhppyyhcqh
344,ypswjtyrrj,bdkshuzzvm,nvyweldlhh
139,mhcuqpljzb,lqyvqbfkmn,wzripsmeuk
242,yxelehcquv,tzzutnzorp,rdvryqousj
600,jlvfxnpcvn,plhiwlnlhj,xkdfvjhfdq
19,muelguxsni,vdwuqtdsqu,jjhlstdkom
69,hmrrifrswm,zqvgdrudpt,xwkvkcxmwc
604,wnbcizqoul,kxzjvrhuoh,bcwjyquyli
346,ppqnaqvqfe,gfmctaqveu,mgkwehyphx
836,lakpovlqqp,woehqybntt,rsklkoqiru
486,jdfpjjnnwi,ejydernarb,kjdavqoryj
68,lccdlzylzm,hzjvnxyiim,nwdqzxchkn
18,sanmpbnwjv,vkipgaceye,ddpbmxllzj
484,mthxirrayn,hxdmhrmeho,fzfjxqpwms
574,vjirolfjvp,qlopubtwru,glglnbxtoh
875,ohprmxnjvt,srwvcupvkh,ycpdswdwsc
817,tdmlcognsh,buspldifqu,pwrcidfwwh
618,prievhehrv,xnnhagrirz,tqzlupjuqn
523,mpndtgipep,kvblfyfrzj,izclywzvrr
921,skxrdkmkhn,euyedhkytc,ufxpqopqka
654,scizcfhdbv,nzlzkauljy,ipmrlhnejq
647,yfzhewgsws,ifzjhewvsg,sioqceqfhg
456,ngsiuaisbj,sdgbdmqkex,jshanskstd
93,urohomwrod,heqvbjiukr,ogglwcyuab
49,hghjkntjbl,qigvcttqqr,bdjxauaydd
498,weuvpzcpzw,ekrgbtahhk,uvtbjdhxha
427,bhnbwkudvb,hnpsrpfqcd,opypwadznd
175,rbiacjymvj,ogtbblsqpr,gcfmfffbgw
4,trjsbvjjvt,foyhybzwaj,mqmtkmysuo
308,rfmxdfsewr,anetefprnp,zkyfsqijno
780,hpfvqwzdoj,rsfemirooe,anmtymojvc
464,upoykotzmg,ieihigljrn,xnbxkvdyja
580,iurfvqqasg,zysclhhycp,evimagjvel
908,zkkyarvwac,iznypxavkt,smkgdqupbr
692,kragfzetxo,phegpmmcmb,uhohzqktdi
384,yaukbtkbmg,qnmirpxsyk,gyzyqgvajy
67,tryjxgfavy,vkfxgcjznb,rgajpmiywj
507,nvzlhsrpqs,wdpkwnivxz,asnjlpsubb
850,vavboldcuf,pdllciwdnz,zevjcfleez
790,vkfreitxje,ewohhdglno,sryvylwgea
473,kzxrjnlitv,hfsdsskqqe,yvttgxegys
984,vzezxdalxo,rsfvwsawsu,qnouuzzcgg
263,ptkwmanpsr,irecongbhp,cdacayozqi
378,phpswsmace,jumrjbvghn,ndjzeybhlt
597,mcrfiauslm,fpedjuofsa,abdpynazga
772,xioorxdbwt,oremtepmor,hipoerfowd
570,bfywyvcpvs,tucmhwzjze,ervumspixr
253,zsjdnzmyad,zpthwgoovw,ujhxmhosfl
728,zrfrcwcliq,exmcdcqmkw,skugytheps
814,uaiutakacu,ohormqecmy,sflhqsoowd
636,pjipvyjdkx,xwfuuyabnf,sfyyculnmc
207,hlkbjnswab,dyrktndbmn,xofmzhpatr
489,aomycacbno,nctezteafg,iynqxnulwj
639,eybmoynbdc,cnqrjqfufl,vqqsgrzdcf
925,jgnuvrxsja,ezgagampgb,xqirdjotxc
95,pmzkphzmmt,ixptpvhjtc,luajnrhswx
112,zyhfgdvjdv,bjcjdiluyp,fgyheeodiq
542,jbskaulllw,vciwjsctwj,aqdxccshpc
436,mthfwvtdha,jktluvmqad,cxdcxzdkld
85,eumflrxfel,bnwpnvnbuk,pfrhgkurvw
902,pxjbfmyxfi,xoiwpgpxwz,nanyqqunmi
404,myicqewbxa,qbldrhyiye,erotziltiv
777,nbzfpevfqg,szhbcmpiag,mjtpjqfcgp
962,bswedqycfa,csbpmuyyak,yanafpewxk
827,dgvefkfgap,qeotmbdooz,rnnrjdsyng
96,lfixtcrvlk,gueyuhbojc,xxmvzzfkwo
413,dbvxlbkrvx,uwkzsrqrmp,ssbdddzcpl
638,zpvjsubmjw,gvhclgmvdt,ejtgdhysbi
390,qtnmnwwazu,uvpclupgpl,jbzcbyqqgn
139,qozeslkbrx,trcmemtpve,nxhccydbfn
215,sygozygumv,hkdkdmeqzr,pskeyfjpjl
264,rdidhezdog,dwdtftersp,mqqgbdrjmw
560,urzyjvcmhc,rigedzewwh,sniyzhpemk
836,eirsvimmuw,ltsionzcnv,pcaybuogyj
488,gxlkwamhmx,ycupxyqbfr,oyjjgjmwnv
1000,ywzabtnlfs,eyvflygvqt,kmlpyqejto
168,qouriaiopv,sgiklhmnge,qxqykmkqan
956,hfmauazwxa,dvbrkkubhw,ojfksoqgnv
975,sjruzlmzhl,nziymxbjpu,udqvycqcvc
247,vhnctsgxfx,mxulgadmmv,tixwfyubnz
862,ynzmkerlkn,ecuhenyqim,mcbhpkufvq
434,dpljswjxvw,rslphqhfdc,ljbuvsshna
341,rtsmvduvwa,tqpepfwmnj,jmddztioww
988,xmegilpjrz,woginsajws,ohtctdgsfd
252,juruwakldl,mivmgaxctv,yameynsyhw
375,zffqhptawb,xttnlrdnqc,pjypznocmf
722,kyfvhjzezv,cgazdnmxej,dqnvarcdce
408,ehxqrrpxdb,sfqdjwijat,mjckfcoxxi
7,lokewdkpkq,jgguccwcsa,lipqbczmct
90,vsxwxapygy,wxtxtydqfc,xprxqndvgj
220,archgxrhnf,tvhkdgybkp,nasofdluym
507,evfnhgxwss,rhtfpkvtxb,zvuxwlanth
193,rxknpggwzp,qjmlgufhcz,xamahdofzz
532,zbjyvklsyk,jzeqrjzuvt,iaevlfqvij
518,ijeljdinge,mhnqhjstqs,udeotktdel
804,ynxjujojmv,boyjcbpyzt,intqfwrjoy
762,jaamuzdlhr,krqulwdzkf,nxajfhumzx
884,ocpzibknga,zctugqdqyx,leqnkoakmw
294,thdlnybjdw,shwemxwtsb,bkcsoxbpck
971,uihztjffyq,zjgmbclxgg,piocoyznry
929,sbfguktybz,mizlmncmns,dbcpuiirre
275,ifclbxgykv,ztnwwgwsmf,eqbqwhrlov
60,kolevuacym,czbaafpozh,xsjzvbdyfy
969,uqawelnsju,ewkbpibwzo,jrscvcybld
511,xlwqbgauwg,tzsrebhjmv,fnjsfpvfhv
376,lrjcwdctls,mjxiezqbqi,ozqqyugkdr
417,kbhtoumwqg,xnskceqmbj,vukowlkddd
446,bfsvmlnbql,bsgpzittvo,hhctbzpycy
259,rqoroqljhj,sfkpwsscyy,apjjjkaxpp
700,yehdghqlmy,tkwrafflub,dizwjkpezh
796,ypjnvstvag,jkgthnomtc,dnyhqqqdcs
833,kmcqomfykw,gpthkzgllk,uhjweypzgj
973,uzegttlivo,wvygdnmbki,cqzobwqaun
30,hqnodhtcwa,voedndofqx,ycxyvxxpbe
566,lxzojbcwrb,znvdwfqoxd,heezjtarjr
330,ajyahizmqj,eddlxohyvl,qimyqsdhiv
615,zmffddxdfm,avzrwetfpx,zkzrulaapi
519,jmwbouqlkp,wgexpxovvd,skkjdkjgnh
295,qssrtbikpc,hreadjdnmn,acmkkpecmv
282,givfcsooeh,bzzfzedivc,pougyxcfxm
486,iamaakjxmf,pgspuhcfey,qqghfwpanh
814,ydrxkpmfdq,evodjikguz,eonejickmj
13,arseomicjc,wxxjddmfkt,nwnvsrtvep
913,dmhwwtzdru,sbqwfumgck,gouznhrgmz
716,exdcvplcjc,myiixbhgsv,lqjlfnegzk
452,fsjtsjrhfo,mqdylqphck,zwgqugcwjr
299,slaqpjknnv,cglnolgfii,nnrjmkprxw
198,cshymcrrtl,utdlgxzfiy,lmhogxipyr
721,pkklgzqnfc,syaiqahlmh,lvtcdlgfmd
360,rnvcsbiacy,kuysmyitws,ynknpsdory
255,nryozangqo,cyuntmwksq,jgrxwvpdoi
105,qfoedvaads,eqjhlescvt,ebazevzzol
244,cpotibdsbq,wzfatxelni,ozlhqxuqrr
171,pomljippzv,muooqtfebi,mzrgfduhya
985,qevhhvxmil,snltpavfpr,oswrtxhnwg
307,thjevbsjcg,galrmqgmkv,wqwgwfnpjd
318,flcjxutgat,hqscjilvmv,pfcrhezmtc
996,vwfbzlhliq,dpeuqczzzx,cyefkvdtrz
210,zxcxufjsqh,jieodrwqpy,julohlpnou
692,zsidwyysbz,vynwjdasob,riigryyuwc
382,lobicpxxlu,olwchqiykw,ofwjnuolhc
771,onnhrlwbri,qabbongupo,kxxdnhuzuc
937,kvsnpisrwb,bxsozcgkva,lchglemykt
475,vhiltxhvmy,tujrzzbreb,hrxmwpetqq
164,pvnrlfkexa,hnmbyssbwq,sweooeewqy
434,mtuaqthvpe,wwzvfzvwfe,mvbeiuupua
439,odprtdfyje,zsbezislru,rexotrewrq
264,lgpnunqfhj,dlyprfmgku,lbsxnnclgs
497,oogpbvnfja,wopuzrlbtf,rsuuagsjad
742,ynuvzueyld,godzeotsmw,nvolwzmetq
467,meisjywcve,veqpuexwyl,opfpeobzva
324,fzktlpyhnx,cngriwqurl,vpmwcbfdoa
45,wolfqgrnmg,efuslridyk,uqvxsxdzlq
418,ngklaoesgo,vtznqzrrby,vhhaukhelg
702,frxuvsyyfk,mchqmfywmc,fapemjaoxf
151,qpbhpdgyek,nrdyhjburj,jdikyeusul
183,ohbawrqwss,glcawppywh,zeguzpalmo
787,kdlrszqebk,xqiupyunxn,evoobwdovk
280,pjxibplwhi,vxxtxkqwgc,nyqhyrjexg
912,rbaonqrsuz,mvczxkscbn,klxpnbuvpp
800,oihzgxyrnf,jrstmfnqoj,dfejupcoqq
420,jyqyfsvvbg,yyngegfrzj,hiqixdnatj
944,ynhgiveakd,xcwooeisey,neivbbtulh
439,vkeeescyyh,mqejbtjcmk,rweblnkbmv
183,vhshuhomch,ibjtymithc,knpyuxmkct
962,jhnusddmoj,dmxwhhqbax,debjzmfjhg
526,dqinbrmrag,qcvccsfbfv,elnoeiyzkj
757,fnpzfkiehj,xsmcodjhha,vtgndoknoq
293,hzdbguxcgg,idimopnmar,tfhmyqhjqs
352,wdgjcqxcfl,clksxalkum,vzwhneuhgk
339,jnkudpsqia,rdolihsnxy,vqivhfpcun
490,whtghesloj,okwsfrbyxk,cnkeeuwyfp
73,bcpcpzopyd,xiqputsqqu,zfzusmucsd
403,zsuyeonioe,bicngsraor,wwhxqsjjsa
78,rjwitfggeb,orgnekehps,hysbntogzu
253,tqvdcwjqxi,scqwtkwkfm,textbozxva
435,vvbptilgzz,veiinykiis,xarfkiaxza
206,vmmvaacsmv,tumfrqediv,lgexhabsoh
616,kxkbgehwlq,mxnfnnknjw,bmidswoiwe
390,blhxqrwmjm,cltxsxovtx,gvadpmbfzo
900,wemgztobkl,xxjzqjhsjr,ladehoayyc
774,hgbuefoyyh,xicequektv,geainkgxqm
16,hchugobbvt,dtoizspkqd,ezupjedqzw
758,fwieipafgu,sllgojctqs,mqwfduqiat
60,espvvzytqm,uaezmwicyy,gcqiqbhsmh
6,phumlgebxn,cdijifwtsz,jdteqfxkvc
143,rrshdqbyjb,qbpnhgswig,vyiyyageva
509,gwefasikvm,tdyeahchgk,msgkepxcri
354,hxcrupmkun,liklugzzcf,uanaagpvur
323,cyymjkczme,jszaztxisp,babijpmuao
805,npshsybmhv,lkroidkuqe,fqlsyhvpuf
18,uaedmzctnv,lhnitazckj,ferblgbwnb
735,mufbwuzjhk,fuisrijgwb,yltheaibtn
880,uhcviupscn,jywfkbkqgc,qnnousojwr
64,sptyuhvooe,pryifvkdeo,nipefeftjs
805,xnzlfsgzxd,zmdxkzynzp,hjcnfevzbb
786,nltmauyvsn,ncvbvfksoa,sveltxlzyc
986,apvypxohvd,fqqjfdktfm,euntanyqbe
907,fuaraxurqu,wbzrybhylb,stcfqcaanm
79,igczubhhpt,sldomzened,dlehxgyqyo
947,wpasgpovkt,gjszsxtsst,rjvaswflub
756,fwsmmaynbd,ijhojkkyjf,qocnqcrpig
76,dbxwjgsswl,inoolugxfe,bazsyufjjj
840,dyboylzmdp,ljruilcrxb,jasubhhqzz
484,oculvekzeo,tlyyjdltpu,xgqrgtbzuh
883,kjewvuxbnx,ogzjqeiboe,jhuvrlpfzg
747,vrhaynrqkm,gakannqjbi,nqdbipgtzq
983,azhuwkspik,acxotsjkmr,wvafvrmina
778,fhyelgxcty,dxiribnwqe,jpqketwanv
714,zzghndqohj,rujgrmzhpe,sdwdxrmilt
217,gzkekcsqxf,kxpiotmili,corhaakjat
876,eqqwzwxtyk,qjunifjroi,xogxiqncfu
663,cutahqhgms,lmjwngpgwj,xmgdtahadc
766,lbzmgvjhda,sqtguhtnau,szoyvwhhiq
277,zoirctfjxu,qxkauzlfsf,ohsebghyer
216,evxltojstw,hkqcafvnvx,fjbtwljmtr
947,rcmcffoekz,iruuldsqgc,oydrkfhzyz
114,sytkohbast,rgdzgqbavi,cizlzicsji
704,ldqhbzhcpi,jubsqkigue,aqfrtscfal
507,freecytzmo,gsdkcinjrb,gpsihcmtng
621,ntobaqpoiy,liaqjhudfv,kdyjeynqjk
411,bxkzqzsthf,iaqcrtmsdo,fpvtcibswl
217,ztkrcscmrw,vhbjjtqlec,vgwjrtesps
804,uvetdjagej,exighmyzxm,nzuhohiowu
454,macajundtg,pokzgokkuz,cekyokonfb
612,zqlbtrrnrl,mjdrixzybd,iyhefnvbuz
97,ztwdmljeul,pqgdesklwq,wcklvsovgm
435,yexpazlumx,wmcjkwbnsy,ekiqmbgeps
909,srhedqhjqi,jtdsnjkmoi,vffdbvnqrv
898,dylboqeyne,kkdxperakz,xnnlpofgqp
776,hwbskgxpeb,pwxqxltqht,oxtdwayxvc
881,ghqqdtvget,kjaegdtivg,aihzobrslc
426,ifwssdxfsk,mwmadgpbez,ktutxamore
136,vtfrvjqqcb,bagupvrnkq,udowolsmdc
805,czprnypcmx,kuerfpogcu,iwqaiipwzo
662,jzuxlozlhg,chqcaeqmgq,skcpjcmhah
526,soilrobvqq,hocnmyjdve,pchfoxnmpa
467,ektbdtgccx,aauzfqnfbb,yoecpjyavd
408,brppcvjcgz,onynatcggo,gycikhhqej
721,vuuujbwjjz,vwwkhrkjbw,vuafgzuwkl
817,olqyigiqdv,xyybwljvqu,dblotfvbku
